,dataUsage,date,time_series,month,year,day_of_week,day_of_year,Label
0,0.3927225042134523,2019-11-27,2011,11,2019,2,331,
1,22.883861339651048,2019-11-28,2011,11,2019,3,332,
2,18.27194184437394,2019-11-29,2011,11,2019,4,333,
3,2.0876347720623016,2019-11-30,2011,11,2019,5,334,
4,48.48515199031681,2019-12-01,2011,12,2019,6,335,
5,19.971987566910684,2019-12-02,2011,12,2019,0,336,
6,19.75201623607427,2019-12-03,2011,12,2019,1,337,
7,5.746367109008133,2019-12-04,2011,12,2019,2,338,
8,6.961571912281215,2019-12-05,2011,12,2019,3,339,
9,7.0506607061252,2019-12-06,2011,12,2019,4,340,
10,19.752243338152766,2019-12-07,2011,12,2019,5,341,
11,4.870342574082315,2019-12-08,2011,12,2019,6,342,
12,13.017618771642448,2019-12-09,2011,12,2019,0,343,
13,5.592370422556996,2019-12-10,2011,12,2019,1,344,
14,7.552954822778702,2019-12-11,2011,12,2019,2,345,
15,2.198940882459283,2019-12-12,2011,12,2019,3,346,
16,39.03896609973162,2019-12-13,2011,12,2019,4,347,
17,57.48360068164766,2019-12-14,2011,12,2019,5,348,
18,34.81367409788072,2019-12-15,2011,12,2019,6,349,
19,11.410584537312388,2019-12-16,2011,12,2019,0,350,
20,12.463188939727845,2019-12-17,2011,12,2019,1,351,
21,33.595784133300185,2019-12-18,2011,12,2019,2,352,
22,14.474298890680076,2019-12-19,2011,12,2019,3,353,
23,29.44118196051568,2019-12-20,2011,12,2019,4,354,
24,31.244983753189445,2019-12-21,2011,12,2019,5,355,
25,45.81157263182104,2019-12-22,2011,12,2019,6,356,
26,30.466924184933305,2019-12-23,2011,12,2019,0,357,
27,0.4309460176154971,2019-12-24,2011,12,2019,1,358,
28,37.079455357044935,2019-12-25,2011,12,2019,2,359,
29,26.012892887927592,2019-12-26,2011,12,2019,3,360,
30,12.98495397530496,2019-12-27,2011,12,2019,4,361,
31,0.7355645662173629,2019-12-28,2011,12,2019,5,362,
32,26.15567997843027,2019-12-29,2011,12,2019,6,363,
33,0.4230513917282223,2019-12-30,2011,12,2019,0,364,
34,0.5225811870768666,2019-12-31,2011,12,2019,1,365,
35,11.653570860624312,2020-01-01,2011,1,2020,2,1,
36,4.738897500559688,2020-01-02,2011,1,2020,3,2,
37,15.698965657502413,2020-01-03,2011,1,2020,4,3,
38,1.843486775644124,2020-01-04,2011,1,2020,5,4,
39,7.881265441887081,2020-01-05,2011,1,2020,6,5,
40,18.6135470289737,2020-01-06,2011,1,2020,0,6,
41,13.205733444541693,2020-01-07,2011,1,2020,1,7,
42,24.485545280389488,2020-01-08,2011,1,2020,2,8,
43,6.206823481246829,2020-01-09,2011,1,2020,3,9,
44,5.680365035310388,2020-01-10,2011,1,2020,4,10,
45,27.36534104589373,2020-01-11,2011,1,2020,5,11,
46,18.924826107919216,2020-01-12,2011,1,2020,6,12,
47,13.46391112357378,2020-01-13,2011,1,2020,0,13,
48,23.543289021588865,2020-01-14,2011,1,2020,1,14,
49,6.490788176655769,2020-01-15,2011,1,2020,2,15,
50,8.964412001892924,2020-01-16,2011,1,2020,3,16,
51,1.543266773223877,2020-01-17,2011,1,2020,4,17,
52,28.464988299645483,2020-01-18,2011,1,2020,5,18,
53,29.05869032256305,2020-01-19,2011,1,2020,6,19,
54,8.821556434966624,2020-01-20,2011,1,2020,0,20,
55,6.503630802035332,2020-01-21,2011,1,2020,1,21,
56,11.60344506520778,2020-01-22,2011,1,2020,2,22,
57,0.282422412186861,2020-01-23,2011,1,2020,3,23,
58,2.341213242150843,2020-01-24,2011,1,2020,4,24,
59,5.320020877756178,2020-01-25,2011,1,2020,5,25,
60,7.457926128059626,2020-01-26,2011,1,2020,6,26,
61,3.896548174321652,2020-01-27,2011,1,2020,0,27,
62,3.498645976185798,2020-01-28,2011,1,2020,1,28,
63,19.734516992233694,2020-01-29,2011,1,2020,2,29,
64,9.807583718560636,2020-01-30,2011,1,2020,3,30,
65,2.7694491231814027,2020-01-31,2011,1,2020,4,31,
66,15.941983034834266,2020-02-01,2011,2,2020,5,32,
67,38.13960344251245,2020-02-02,2011,2,2020,6,33,
68,2.322255997918546,2020-02-03,2011,2,2020,0,34,
69,9.643786219879985,2020-02-04,2011,2,2020,1,35,
70,614.1354954345152,2020-02-05,2011,2,2020,2,36,
71,22.20564908813685,2020-02-13,2011,2,2020,3,44,
72,11.487957042641938,2020-02-14,2011,2,2020,4,45,
73,15.952103660441937,2020-02-15,2011,2,2020,5,46,
74,12.961462755687537,2020-02-16,2011,2,2020,6,47,
75,5.472282901406288,2020-02-17,2011,2,2020,0,48,
76,21.436642995104197,2020-02-18,2011,2,2020,1,49,
77,2.847661563195288,2020-02-19,2011,2,2020,2,50,
78,7.154093691147864,2020-02-20,2011,2,2020,3,51,
79,9.958807141520085,2020-02-21,2011,2,2020,4,52,
80,5.274007578380406,2020-02-22,2011,2,2020,5,53,
81,13.184440060518682,2020-02-23,2011,2,2020,6,54,
82,9.832247802987697,2020-02-24,2011,2,2020,0,55,
83,25.87366980686784,2020-02-25,2011,2,2020,1,56,
84,22.513840128667653,2020-02-26,2011,2,2020,2,57,
85,12.056210153736174,2020-02-27,2011,2,2020,3,58,
86,4.301507827825844,2020-02-28,2011,2,2020,4,59,
87,31.413277679122984,2020-02-29,2011,2,2020,5,60,
88,20.438163091428574,2020-03-01,2011,3,2020,6,61,
89,4.445884680375457,2020-03-02,2011,3,2020,0,62,
90,4.655582429841161,2020-03-03,2011,3,2020,1,63,
91,11.937313602305949,2020-03-04,2011,3,2020,2,64,
92,14.343690637499094,2020-03-05,2011,3,2020,3,65,
93,3.9882044848054647,2020-03-06,2011,3,2020,4,66,
94,2.937433417886496,2020-03-07,2011,3,2020,5,67,
95,17.16267921589315,2020-03-08,2011,3,2020,6,68,
96,17.295614587143064,2020-03-09,2011,3,2020,0,69,
97,17.709997025318444,2020-03-10,2011,3,2020,1,70,
98,11.520065486431122,2020-03-11,2011,3,2020,2,71,
99,1.930908896960318,2020-03-12,2011,3,2020,3,72,
100,3.743243387900293,2020-03-13,2011,3,2020,4,73,
101,0.3062192806974053,2020-03-14,2011,3,2020,5,74,
102,0.3130329996347427,2020-03-15,2011,3,2020,6,75,
103,5.976580920629203,2020-03-16,2011,3,2020,0,76,
104,0.5281725972890854,2020-03-17,2011,3,2020,1,77,
105,0.858388721011579,2020-03-18,2011,3,2020,2,78,
106,9.158651204779744,2020-03-19,2011,3,2020,3,79,
107,5.777971167117357,2020-03-20,2011,3,2020,4,80,
108,2.2089015282690525,2020-03-21,2011,3,2020,5,81,
109,0.301046259701252,2020-03-22,2011,3,2020,6,82,
110,9.878115188330412,2020-03-23,2011,3,2020,0,83,
111,3.889672475866973,2020-03-24,2011,3,2020,1,84,
112,4.064947142265737,2020-03-25,2011,3,2020,2,85,
113,2.349277844652533,2020-03-26,2011,3,2020,3,86,
114,0.4672849141061306,2020-03-27,2011,3,2020,4,87,
115,3.0546324672177434,2020-03-28,2011,3,2020,5,88,
116,11.196758076548576,2020-03-29,2011,3,2020,6,89,
117,1.105936753563583,2020-03-30,2011,3,2020,0,90,
118,1.2443938693031669,2020-03-31,2011,3,2020,1,91,
119,2.753309923224151,2020-04-01,2011,4,2020,2,92,
120,2.7494666557759047,2020-04-02,2011,4,2020,3,93,
121,0.8600228829309344,2020-04-03,2011,4,2020,4,94,
122,5.429914874956012,2020-04-04,2011,4,2020,5,95,
123,7.746885516680777,2020-04-05,2011,4,2020,6,96,
124,2.3721813624724746,2020-04-06,2011,4,2020,0,97,
125,0.2681318372488022,2020-04-07,2011,4,2020,1,98,
126,3.9718882171437135,2020-04-08,2011,4,2020,2,99,
127,0.4048433378338814,2020-04-09,2011,4,2020,3,100,
128,1.905921334400773,2020-04-10,2011,4,2020,4,101,
129,1.2809521313756704,2020-04-11,2011,4,2020,5,102,
130,5.705657327547669,2020-04-12,2011,4,2020,6,103,
131,2.0629805428907275,2020-04-13,2011,4,2020,0,104,
132,8.140676524490118,2020-04-14,2011,4,2020,1,105,
133,5.895305572077632,2020-04-15,2011,4,2020,2,106,
134,3.550779148936272,2020-04-16,2011,4,2020,3,107,
135,8.03481678944081,2020-04-17,2011,4,2020,4,108,
136,0.2631667014211416,2020-04-18,2011,4,2020,5,109,
137,0.2801518123596906,2020-04-19,2011,4,2020,6,110,
138,4.564948216080666,2020-04-20,2011,4,2020,0,111,
139,0.2411170834675431,2020-04-21,2011,4,2020,1,112,
140,6.188951045274735,2020-04-22,2011,4,2020,2,113,
141,3.1674450524151325,2020-04-23,2011,4,2020,3,114,
142,2.557046102359891,2020-04-24,2011,4,2020,4,115,
143,1.887346443720162,2020-04-25,2011,4,2020,5,116,
144,1.4334844099357724,2020-04-26,2011,4,2020,6,117,
145,1.4670776799321177,2020-04-27,2011,4,2020,0,118,
146,6.511382513679564,2020-04-28,2011,4,2020,1,119,
147,5.052212094888091,2020-04-29,2011,4,2020,2,120,
148,1.0642542969435451,2020-04-30,2011,4,2020,3,121,
149,3.226162286475301,2020-05-01,2011,5,2020,4,122,
150,7.14642193634063,2020-05-02,2011,5,2020,5,123,
151,8.871551108546555,2020-05-03,2011,5,2020,6,124,
152,0.5790375312790275,2020-05-04,2011,5,2020,0,125,
153,2.159168867394328,2020-05-05,2011,5,2020,1,126,
154,1.7947047920897603,2020-05-06,2011,5,2020,2,127,
155,5.935443066060543,2020-05-07,2011,5,2020,3,128,
156,1.4508821610361338,2020-05-08,2011,5,2020,4,129,
157,0.2571265297010541,2020-05-09,2011,5,2020,5,130,
158,1.8934030830860136,2020-05-10,2011,5,2020,6,131,
159,6.227467883378267,2020-05-11,2011,5,2020,0,132,
160,0.5382920177653432,2020-05-12,2011,5,2020,1,133,
161,5.504226332530379,2020-05-13,2011,5,2020,2,134,
162,1.4435699339956043,2020-05-14,2011,5,2020,3,135,
163,4.04351894184947,2020-05-15,2011,5,2020,4,136,
164,2.191898211836815,2020-05-16,2011,5,2020,5,137,
165,8.512699627317488,2020-05-17,2011,5,2020,6,138,
166,2.232572528533637,2020-05-18,2011,5,2020,0,139,
167,2.6227758368477225,2020-05-19,2011,5,2020,1,140,
168,10.865948878228664,2020-05-20,2011,5,2020,2,141,
169,0.819361793808639,2020-05-21,2011,5,2020,3,142,
170,5.871352883987129,2020-05-22,2011,5,2020,4,143,
171,2.9801013013347983,2020-05-23,2011,5,2020,5,144,
172,2.515193603001535,2020-05-24,2011,5,2020,6,145,
173,8.855716660618782,2020-05-25,2011,5,2020,0,146,
174,7.79010508954525,2020-05-26,2011,5,2020,1,147,
175,0.2173340292647481,2020-05-27,2011,5,2020,2,148,
176,3.3255919264629483,2020-05-28,2011,5,2020,3,149,
177,8.461455762386322,2020-05-29,2011,5,2020,4,150,
178,0.673809478059411,2020-05-30,2011,5,2020,5,151,
179,0.2572148265317082,2020-05-31,2011,5,2020,6,152,
180,3.4671415695920587,2020-06-01,2011,6,2020,0,153,
181,13.3110113106668,2020-06-02,2011,6,2020,1,154,
182,8.662103260867298,2020-06-03,2011,6,2020,2,155,
183,10.313423714600503,2020-06-04,2011,6,2020,3,156,
184,8.143777442164719,2020-06-05,2011,6,2020,4,157,
185,0.2653988748788833,2020-06-06,2011,6,2020,5,158,
186,3.010796034708619,2020-06-07,2011,6,2020,6,159,
187,7.621434823609888,2020-06-08,2011,6,2020,0,160,
188,4.117851818911731,2020-06-09,2011,6,2020,1,161,
189,1.0538144558668137,2020-06-10,2011,6,2020,2,162,
190,6.491087696515024,2020-06-11,2011,6,2020,3,163,
191,4.478225287981331,2020-06-12,2011,6,2020,4,164,
192,0.3121767872944474,2020-06-13,2011,6,2020,5,165,
193,17.658471994102,2020-06-14,2011,6,2020,6,166,
194,3.8899979880079623,2020-06-15,2011,6,2020,0,167,
195,5.433541500940919,2020-06-16,2011,6,2020,1,168,
196,3.0322340596467257,2020-06-17,2011,6,2020,2,169,
197,7.141621043905616,2020-06-18,2011,6,2020,3,170,
198,4.694165267050266,2020-06-19,2011,6,2020,4,171,
199,13.834422681480646,2020-06-20,2011,6,2020,5,172,
200,0.5293604517355561,2020-06-21,2011,6,2020,6,173,
201,15.631945261731744,2020-06-22,2011,6,2020,0,174,
202,2.552090215496719,2020-06-23,2011,6,2020,1,175,
203,5.318955395370722,2020-06-24,2011,6,2020,2,176,
204,53.69998752977699,2020-06-25,2011,6,2020,3,177,
205,5.880606605671346,2020-06-26,2011,6,2020,4,178,
206,0.4227450210601091,2020-06-27,2011,6,2020,5,179,
207,7.003003482706845,2020-06-28,2011,6,2020,6,180,
208,24.391476501710716,2020-06-29,2011,6,2020,0,181,
209,29.609738522209227,2020-06-30,2011,6,2020,1,182,
210,19.10935424175113,2020-07-01,2011,7,2020,2,183,
211,5.279287401586771,2020-07-02,2011,7,2020,3,184,
212,24.38482446409762,2020-07-03,2011,7,2020,4,185,
213,5.367678124457598,2020-07-04,2011,7,2020,5,186,
214,7.837743584066629,2020-07-05,2011,7,2020,6,187,
215,11.109627407044172,2020-07-06,2011,7,2020,0,188,
216,7.976270573213696,2020-07-07,2011,7,2020,1,189,
217,6.670532411895692,2020-07-08,2011,7,2020,2,190,
218,24.232257173396647,2020-07-09,2011,7,2020,3,191,
219,8.184707103297114,2020-07-10,2011,7,2020,4,192,
220,0.6163145136088133,2020-07-11,2011,7,2020,5,193,
221,0.4222687492147088,2020-07-12,2011,7,2020,6,194,
222,0.2998964041471481,2020-07-13,2011,7,2020,0,195,
223,0.1322408867999911,2020-07-14,2011,7,2020,1,196,
224,9.621044606901703,2020-07-15,2011,7,2020,2,197,
225,26.088291234336797,2020-07-16,2011,7,2020,3,198,
226,21.71939658280462,2020-07-17,2011,7,2020,4,199,
227,5.94694625493139,2020-07-18,2011,7,2020,5,200,
228,0.2436456736177206,2020-07-19,2011,7,2020,6,201,
229,1.3915911903604865,2020-07-20,2011,7,2020,0,202,
230,0.5430361898615956,2020-07-21,2011,7,2020,1,203,
231,6.650056636892259,2020-07-22,2011,7,2020,2,204,
232,2.445793103426695,2020-07-23,2011,7,2020,3,205,
233,5.351943554356694,2020-07-24,2011,7,2020,4,206,
234,2.981080260127783,2020-07-25,2011,7,2020,5,207,
235,2.030892883427441,2020-07-26,2011,7,2020,6,208,
236,14.765219882130625,2020-07-27,2011,7,2020,0,209,
237,17.781681153923273,2020-07-28,2011,7,2020,1,210,
238,14.520886709913611,2020-07-29,2011,7,2020,2,211,
239,15.242151048965752,2020-07-30,2011,7,2020,3,212,
240,3.879226922988892,2020-07-31,2011,7,2020,4,213,
241,4.874198065139353,2020-08-01,2011,8,2020,5,214,
242,49.85067444480956,2020-08-02,2011,8,2020,6,215,
243,6.817703036591411,2020-08-03,2011,8,2020,0,216,
244,0.9940218273550272,2020-08-04,2011,8,2020,1,217,
245,0.211650657467544,2020-08-05,2011,8,2020,2,218,
246,3.0343227544799447,2020-08-06,2011,8,2020,3,219,
247,19.919812214560807,2020-08-07,2011,8,2020,4,220,
248,16.34226892516017,2020-08-08,2011,8,2020,5,221,
249,3.146381667815149,2020-08-09,2011,8,2020,6,222,
250,1.4083763360977173,2020-08-10,2011,8,2020,0,223,
251,2.875609933398664,2020-08-11,2011,8,2020,1,224,
252,1.044889104552567,2020-08-12,2011,8,2020,2,225,
253,12.791251121088862,2020-08-13,2011,8,2020,3,226,
254,7.74577662628144,2020-08-14,2011,8,2020,4,227,
255,4.683840749785304,2020-08-15,2011,8,2020,5,228,
256,46.09807343222201,2020-08-16,2011,8,2020,6,229,
257,13.386353625915945,2020-08-17,2011,8,2020,0,230,
258,8.052335480228066,2020-08-18,2011,8,2020,1,231,
259,8.402612763457,2020-08-19,2011,8,2020,2,232,
260,24.498121544718742,2020-08-20,2011,8,2020,3,233,
261,8.116667287424207,2020-08-21,2011,8,2020,4,234,
262,7.915068270638585,2020-08-22,2011,8,2020,5,235,
263,23.820581630803645,2020-08-23,2011,8,2020,6,236,
264,9.29351665545255,2020-08-24,2011,8,2020,0,237,
265,28.73326272051781,2020-08-25,2011,8,2020,1,238,
266,32.07930514868349,2020-08-26,2011,8,2020,2,239,
267,20.341388151980937,2020-08-27,2011,8,2020,3,240,
268,38.21015167515725,2020-08-28,2011,8,2020,4,241,
269,22.822843665257096,2020-08-29,2011,8,2020,5,242,
270,4.932402988895774,2020-08-30,2011,8,2020,6,243,
271,12.176787766627967,2020-08-31,2011,8,2020,0,244,
272,10.928256177343428,2020-09-01,2011,9,2020,1,245,
273,7.370293900370598,2020-09-02,2011,9,2020,2,246,
274,4.385179241187871,2020-09-03,2011,9,2020,3,247,
275,32.75913771614432,2020-09-04,2011,9,2020,4,248,
276,8.84126026276499,2020-09-05,2011,9,2020,5,249,
277,13.755014671944082,2020-09-07,2011,9,2020,0,251,
278,25.735737595707175,2020-09-08,2011,9,2020,1,252,
279,10.474116075783968,2020-09-09,2011,9,2020,2,253,
280,15.162443251349032,2020-09-10,2011,9,2020,3,254,
281,6.4943042965605855,2020-09-11,2011,9,2020,4,255,
282,0.4126213416457176,2020-09-12,2011,9,2020,5,256,
283,4.226032559759915,2020-09-13,2011,9,2020,6,257,
284,5.628186055459082,2020-09-14,2011,9,2020,0,258,
285,15.69520021788776,2020-09-15,2011,9,2020,1,259,
286,9.244465242139997,2020-09-16,2011,9,2020,2,260,
287,26.07312715984881,2020-09-17,2011,9,2020,3,261,
288,17.845587943680584,2020-09-18,2011,9,2020,4,262,
289,8.414519026875496,2020-09-19,2011,9,2020,5,263,
290,44.30561907123774,2020-09-20,2011,9,2020,6,264,
291,8.461566305719316,2020-09-21,2011,9,2020,0,265,
292,9.421980004757645,2020-09-22,2011,9,2020,1,266,
293,19.20250413566828,2020-09-23,2011,9,2020,2,267,
294,1.733294291421771,2020-09-24,2011,9,2020,3,268,
295,21.07569850236177,2020-09-25,2011,9,2020,4,269,
296,6.132878609932959,2020-09-26,2011,9,2020,5,270,
297,27.059965814463794,2020-09-27,2011,9,2020,6,271,
298,5.151706166565418,2020-09-28,2011,9,2020,0,272,
299,10.88966932054609,2020-09-29,2011,9,2020,1,273,
300,8.361643089912832,2020-09-30,2011,9,2020,2,274,
301,10.16250279545784,2020-10-01,2011,10,2020,3,275,
302,3.08654519636184,2020-10-02,2011,10,2020,4,276,
303,0.2150056818500161,2020-10-03,2011,10,2020,5,277,
304,6.178259044885635,2020-10-04,2011,10,2020,6,278,
305,2.618962869979441,2020-10-05,2011,10,2020,0,279,
306,9.174200402572753,2020-10-06,2011,10,2020,1,280,
307,6.543284635059536,2020-10-07,2011,10,2020,2,281,
308,5.396889065392315,2020-10-08,2011,10,2020,3,282,
309,14.711082635447385,2020-10-09,2011,10,2020,4,283,
310,9.85739440843463,2020-10-10,2011,10,2020,5,284,
311,26.462525223381817,2020-10-11,2011,10,2020,6,285,
312,2.9339477187022567,2020-10-12,2011,10,2020,0,286,
313,0.4217910664156079,2020-10-13,2011,10,2020,1,287,
314,9.367440545931458,2020-10-14,2011,10,2020,2,288,
315,4.037512491457164,2020-10-15,2011,10,2020,3,289,
316,17.130851984024048,2020-10-16,2011,10,2020,4,290,
317,19.696551543660465,2020-10-17,2011,10,2020,5,291,
318,12.121841743588448,2020-10-18,2011,10,2020,6,292,
319,10.057918931357564,2020-10-19,2011,10,2020,0,293,
320,4.985309404321015,2020-10-20,2011,10,2020,1,294,
321,4.596772472374141,2020-10-21,2011,10,2020,2,295,
322,1.4054696336388588,2020-10-22,2011,10,2020,3,296,
323,13.199589662253857,2020-10-23,2011,10,2020,4,297,
324,1.5659931804984808,2020-10-24,2011,10,2020,5,298,
325,20.939002777449787,2020-10-25,2011,10,2020,6,299,
326,12.032390714623034,2020-10-26,2011,10,2020,0,300,
327,10.494366682134569,2020-10-27,2011,10,2020,1,301,
328,8.396193319931626,2020-10-28,2011,10,2020,2,302,
329,2.00829494651407,2020-10-29,2011,10,2020,3,303,
330,5.233547113835812,2020-10-30,2011,10,2020,4,304,
331,8.206810246221721,2020-10-31,2011,10,2020,5,305,
332,19.29918972589076,2020-11-01,2011,11,2020,6,306,
333,18.509277181699872,2020-11-02,2011,11,2020,0,307,
334,7.060217733494937,2020-11-03,2011,11,2020,1,308,
335,5.127246411517263,2020-11-04,2011,11,2020,2,309,
336,6.270578069612384,2020-11-05,2011,11,2020,3,310,
337,13.464509065262972,2020-11-06,2011,11,2020,4,311,
338,5.522577959112823,2020-11-07,2011,11,2020,5,312,
339,1.6282453360036016,2020-11-08,2011,11,2020,6,313,
340,8.124241809360683,2020-11-09,2011,11,2020,0,314,
341,2.9614177639596164,2020-11-10,2011,11,2020,1,315,
342,12.110458913259208,2020-11-11,2011,11,2020,2,316,
343,1.5994590008631349,2020-11-12,2011,11,2020,3,317,
344,2.9206437496468425,2020-11-13,2011,11,2020,4,318,
345,2.445284264162183,2020-11-14,2011,11,2020,5,319,
346,9.886484324000776,2020-11-15,2011,11,2020,6,320,
347,5.326000855304301,2020-11-16,2011,11,2020,0,321,
348,8.498021705076098,2020-11-17,2011,11,2020,1,322,
349,22.286510097794235,2020-11-18,2011,11,2020,2,323,
350,12.98554974142462,2020-11-19,2011,11,2020,3,324,
351,17.745792035013437,2020-11-20,2011,11,2020,4,325,
352,11.37170516513288,2020-11-21,2011,11,2020,5,326,
353,26.40660844836384,2020-11-22,2011,11,2020,6,327,
354,3.322838081978261,2020-11-23,2011,11,2020,0,328,
355,3.133647885173559,2020-11-24,2011,11,2020,1,329,
356,2.9005017653107643,2020-11-25,2011,11,2020,2,330,
357,17.11745796445757,2020-11-26,2011,11,2020,3,331,
358,3.962882202118635,2020-11-27,2011,11,2020,4,332,
359,7.875121038407087,2020-11-28,2011,11,2020,5,333,
360,26.386034678667784,2020-11-29,2011,11,2020,6,334,
361,8.657257004640996,2020-11-30,2011,11,2020,0,335,
362,10.058220253326,2020-12-01,2011,12,2020,1,336,
363,7.594328091479838,2020-12-02,2011,12,2020,2,337,
364,0.1064004963263869,2020-12-03,2011,12,2020,3,338,
365,0.0166360214352607,2020-12-14,2011,12,2020,0,349,
366,11.162847371771932,2020-12-15,2011,12,2020,1,350,
367,1.439709889702499,2020-12-16,2011,12,2020,2,351,
368,3.61597331892699,2020-12-17,2011,12,2020,3,352,
369,3.27639449108392,2020-12-18,2011,12,2020,4,353,
370,2.79291058704257,2020-12-19,2011,12,2020,5,354,
371,2.0481639746576548,2020-12-20,2011,12,2020,6,355,
372,0.6278385547921062,2020-12-21,2011,12,2020,0,356,
373,3.8788380147889256,2020-12-22,2011,12,2020,1,357,
374,7.423357598483562,2020-12-23,2011,12,2020,2,358,
375,1.5663780933246017,2020-12-24,2011,12,2020,3,359,
376,0.6996241444721818,2020-12-25,2011,12,2020,4,360,
377,0.5124533027410507,2020-12-26,2011,12,2020,5,361,
378,0.5123699549585581,2020-12-27,2011,12,2020,6,362,
379,2.387704012915492,2020-12-28,2011,12,2020,0,363,
380,7.3428188636898994,2020-12-29,2011,12,2020,1,364,
381,1.7876583617180586,2020-12-30,2011,12,2020,2,365,
382,3.1670218659564853,2020-12-31,2011,12,2020,3,366,
383,2.058692946098745,2021-01-01,2011,1,2021,4,1,
384,5.506041269749403,2021-01-02,2011,1,2021,5,2,
385,2.732592260465026,2021-01-03,2011,1,2021,6,3,
386,5.127684854902327,2021-01-04,2011,1,2021,0,4,
387,11.352095789276063,2021-01-05,2011,1,2021,1,5,
388,3.896008628420532,2021-01-06,2011,1,2021,2,6,
389,0.422640860080719,2021-01-07,2011,1,2021,3,7,
390,0.8438932988792658,2021-01-08,2011,1,2021,4,8,
391,0.5111978137865663,2021-01-09,2011,1,2021,5,9,
392,0.5066404594108462,2021-01-10,2011,1,2021,6,10,
393,3.496896713040769,2021-01-11,2011,1,2021,0,11,
394,0.2058979459106922,2019-10-03,5012,10,2019,3,276,
395,0.4418333452194929,2019-10-04,5012,10,2019,4,277,
396,0.461590395309031,2019-10-05,5012,10,2019,5,278,
397,39.41719646099955,2019-10-06,5012,10,2019,6,279,
398,22.88762862700969,2019-10-07,5012,10,2019,0,280,
399,6.887984672561288,2019-10-08,5012,10,2019,1,281,
400,0.0023088566958904,2019-10-09,5012,10,2019,2,282,
401,29.645234322175384,2019-10-10,5012,10,2019,3,283,
402,31.85278767254204,2019-10-11,5012,10,2019,4,284,
403,31.95330448169261,2019-10-12,5012,10,2019,5,285,
404,0.7123926896601915,2019-10-13,5012,10,2019,6,286,
405,12.342765308916569,2019-10-14,5012,10,2019,0,287,
406,21.366778319701552,2019-10-15,5012,10,2019,1,288,
407,5.5961320623755455,2019-10-16,5012,10,2019,2,289,
408,10.584670399315655,2019-10-17,5012,10,2019,3,290,
409,19.701464717276394,2019-10-18,5012,10,2019,4,291,
410,12.04452110081911,2019-10-19,5012,10,2019,5,292,
411,9.75650248490274,2019-10-20,5012,10,2019,6,293,
412,14.466047778725624,2019-10-21,5012,10,2019,0,294,
413,17.777730242349207,2019-10-22,5012,10,2019,1,295,
414,14.634765909053383,2019-10-23,5012,10,2019,2,296,
415,1.54799151327461,2019-10-24,5012,10,2019,3,297,
416,0.143569634296,2019-10-30,5012,10,2019,2,303,
417,0.3842989765107631,2019-10-31,5012,10,2019,3,304,
418,0.3713135430589318,2019-11-01,5012,11,2019,4,305,
419,0.4113237513229251,2019-11-02,5012,11,2019,5,306,
420,0.374292392283678,2019-11-03,5012,11,2019,6,307,
421,0.3875323673710227,2019-11-04,5012,11,2019,0,308,
422,0.3599219340831041,2019-11-05,5012,11,2019,1,309,
423,0.1996897663921117,2019-11-06,5012,11,2019,2,310,
424,2.959443721920252,2019-11-07,5012,11,2019,3,311,
425,8.95299562253058,2019-11-08,5012,11,2019,4,312,
426,0.2441960973665118,2019-11-09,5012,11,2019,5,313,
427,7.217553692869842,2019-11-10,5012,11,2019,6,314,
428,6.899751357734203,2019-11-11,5012,11,2019,0,315,
429,1.74124660436064,2019-11-12,5012,11,2019,1,316,
430,4.729315835051239,2019-11-13,5012,11,2019,2,317,
431,6.03126769233495,2019-11-14,5012,11,2019,3,318,
432,30.85621349047869,2019-11-15,5012,11,2019,4,319,
433,6.830608699470758,2019-11-16,5012,11,2019,5,320,
434,1.2800586596131325,2019-11-17,5012,11,2019,6,321,
435,24.1966303922236,2019-11-18,5012,11,2019,0,322,
436,33.90455735381693,2019-11-19,5012,11,2019,1,323,
437,23.923977443017066,2019-11-20,5012,11,2019,2,324,
438,40.823131427168846,2019-11-21,5012,11,2019,3,325,
439,41.96449017617852,2019-11-22,5012,11,2019,4,326,
440,34.59248248580843,2019-11-23,5012,11,2019,5,327,
441,0.8539057392627001,2019-11-24,5012,11,2019,6,328,
442,3.310195619240403,2019-11-25,5012,11,2019,0,329,
443,28.333621330559254,2019-11-29,5012,11,2019,4,333,
444,40.19117132015526,2019-11-30,5012,11,2019,5,334,
445,6.6956670163199306,2019-12-01,5012,12,2019,6,335,
446,12.805206074379385,2019-12-02,5012,12,2019,0,336,
447,29.95552065502852,2019-12-03,5012,12,2019,1,337,
448,17.696889684535563,2019-12-04,5012,12,2019,2,338,
449,22.48069033306092,2019-12-05,5012,12,2019,3,339,
450,26.03903841413557,2019-12-06,5012,12,2019,4,340,
451,29.92556035425514,2019-12-07,5012,12,2019,5,341,
452,26.636288369074464,2019-12-08,5012,12,2019,6,342,
453,25.397839934565127,2019-12-09,5012,12,2019,0,343,
454,30.27886499091983,2019-12-10,5012,12,2019,1,344,
455,4.000783189199865,2019-12-11,5012,12,2019,2,345,
456,20.872459690086544,2019-12-12,5012,12,2019,3,346,
457,37.50103896763176,2019-12-13,5012,12,2019,4,347,
458,23.116732301190492,2019-12-14,5012,12,2019,5,348,
459,1.8430395117029548,2019-12-15,5012,12,2019,6,349,
460,0.8613475635647774,2019-12-16,5012,12,2019,0,350,
461,4.03134831879288,2019-12-17,5012,12,2019,1,351,
462,23.59792200475931,2019-12-18,5012,12,2019,2,352,
463,21.046131550334398,2019-12-19,5012,12,2019,3,353,
464,9.463345837779343,2019-12-20,5012,12,2019,4,354,
465,0.7100312346592546,2019-12-21,5012,12,2019,5,355,
466,37.40384944807738,2019-12-22,5012,12,2019,6,356,
467,40.05240233056247,2019-12-23,5012,12,2019,0,357,
468,0.0378510653972625,2019-12-24,5012,12,2019,1,358,
469,18.0830601323396,2019-12-26,5012,12,2019,3,360,
470,25.643339623697106,2019-12-27,5012,12,2019,4,361,
471,3.609247012063861,2019-12-28,5012,12,2019,5,362,
472,5.03887430485338,2019-12-29,5012,12,2019,6,363,
473,0.4740130864083767,2019-12-30,5012,12,2019,0,364,
474,0.4268830483779311,2019-12-31,5012,12,2019,1,365,
475,0.2916705319657922,2020-01-01,5012,1,2020,2,1,
476,6.071253220550716,2020-01-02,5012,1,2020,3,2,
477,0.2325417911633849,2020-01-03,5012,1,2020,4,3,
478,2.780481619760394,2020-01-04,5012,1,2020,5,4,
479,0.9635592708364128,2020-01-05,5012,1,2020,6,5,
480,7.983703676611185,2020-01-06,5012,1,2020,0,6,
481,9.659479163587092,2020-01-07,5012,1,2020,1,7,
482,13.078865480609238,2020-01-08,5012,1,2020,2,8,
483,10.52331492304802,2020-01-09,5012,1,2020,3,9,
484,31.820068581029773,2020-01-10,5012,1,2020,4,10,
485,3.4423635192215443,2020-01-11,5012,1,2020,5,11,
486,7.076293212361634,2020-01-12,5012,1,2020,6,12,
487,0.6990965325385332,2020-01-13,5012,1,2020,0,13,
488,5.70535056758672,2020-01-14,5012,1,2020,1,14,
489,3.056202528066933,2020-01-15,5012,1,2020,2,15,
490,16.494225705973804,2020-01-16,5012,1,2020,3,16,
491,0.0152215706184506,2020-01-17,5012,1,2020,4,17,
492,29.45692504476756,2020-01-18,5012,1,2020,5,18,
493,12.97833054047078,2020-01-19,5012,1,2020,6,19,
494,29.651601715944707,2020-01-20,5012,1,2020,0,20,
495,0.0266561955213546,2020-01-21,5012,1,2020,1,21,
496,0.0078005837276577,2020-01-24,5012,1,2020,4,24,
497,0.0453961873427033,2020-01-27,5012,1,2020,0,27,
498,0.0099046248942613,2020-02-06,5012,2,2020,3,37,
499,0.0040994277223944,2020-02-17,5012,2,2020,0,48,
500,0.1214555753394961,2020-02-25,5012,2,2020,1,56,
501,0.0018297210335731,2020-02-26,5012,2,2020,2,57,
502,0.0036180932074785,2020-04-06,5012,4,2020,0,97,
503,0.0437167603522539,2020-04-07,5012,4,2020,1,98,
504,0.0003988360986113,2020-04-08,5012,4,2020,2,99,
505,0.0008784420788288,2020-04-18,5012,4,2020,5,109,
506,0.0022681774571537,2020-04-22,5012,4,2020,2,113,
507,0.002921812236309,2020-05-25,5012,5,2020,0,146,
508,0.2687614420428872,2020-06-02,5012,6,2020,1,154,
509,0.1758896168321371,2020-06-03,5012,6,2020,2,155,
510,6.821806852705777,2020-06-04,5012,6,2020,3,156,
511,2.56933942437172,2020-06-05,5012,6,2020,4,157,
512,14.136491799727082,2020-06-11,5012,6,2020,3,163,
513,22.09913350082934,2020-06-12,5012,6,2020,4,164,
514,5.631830859929323,2020-06-13,5012,6,2020,5,165,
515,15.442813785746694,2020-06-14,5012,6,2020,6,166,
516,7.225039165467024,2020-06-15,5012,6,2020,0,167,
517,18.373012859374285,2020-06-16,5012,6,2020,1,168,
518,3.130259376950562,2020-06-17,5012,6,2020,2,169,
519,4.087481965310872,2020-06-18,5012,6,2020,3,170,
520,14.839529283344746,2020-06-19,5012,6,2020,4,171,
521,0.0003989469259977,2020-06-29,5012,6,2020,0,181,
522,0.0002474253997206,2020-07-02,5012,7,2020,3,184,
523,0.0001426013186573,2020-07-21,5012,7,2020,1,203,
524,0.0202801916748285,2020-07-30,5012,7,2020,3,212,
525,0.001295331865549,2020-08-02,5012,8,2020,6,215,
526,0.2167854411527514,2020-08-12,5012,8,2020,2,225,
527,0.0023358073085546,2020-08-13,5012,8,2020,3,226,
528,0.0509664770215749,2020-08-14,5012,8,2020,4,227,
529,0.1334514403715729,2020-08-20,5012,8,2020,3,233,
530,2.0499341189861298e-05,2020-08-21,5012,8,2020,4,234,
531,0.0002501485869288,2020-08-25,5012,8,2020,1,238,
532,0.0097635332494974,2020-08-26,5012,8,2020,2,239,
533,0.0036754757165908,2020-08-27,5012,8,2020,3,240,
534,0.0218591820448637,2020-08-28,5012,8,2020,4,241,
535,0.001508449204266,2020-08-29,5012,8,2020,5,242,
536,0.0011156434193253,2020-08-30,5012,8,2020,6,243,
537,0.0038526896387338,2020-09-11,5012,9,2020,4,255,
538,0.0330968620255589,2020-09-16,5012,9,2020,2,260,
539,8.694630756042898,2020-10-22,5012,10,2020,3,296,
540,17.86783734615892,2020-10-23,5012,10,2020,4,297,
541,5.636648828163743,2020-10-24,5012,10,2020,5,298,
542,9.083086379803715,2020-10-25,5012,10,2020,6,299,
543,0.3262390932068228,2020-10-26,5012,10,2020,0,300,
544,6.749944884330034,2020-10-27,5012,10,2020,1,301,
545,4.983483844436705,2020-10-28,5012,10,2020,2,302,
546,6.389127644710243,2020-10-29,5012,10,2020,3,303,
547,5.23794570658356,2020-10-30,5012,10,2020,4,304,
548,2.387590359896421,2020-10-31,5012,10,2020,5,305,
549,8.516602051444352,2020-11-01,5012,11,2020,6,306,
550,6.507536128163338,2020-11-02,5012,11,2020,0,307,
551,2.407583611086011,2020-11-10,5012,11,2020,1,315,
552,7.239972817711532,2020-11-11,5012,11,2020,2,316,
553,0.3914053160697222,2020-11-12,5012,11,2020,3,317,
554,5.342325400561094,2020-11-13,5012,11,2020,4,318,
555,0.1697140084579587,2020-11-14,5012,11,2020,5,319,
556,0.1594475815072655,2020-11-15,5012,11,2020,6,320,
557,0.4909645868465304,2020-11-16,5012,11,2020,0,321,
558,0.3212604569271207,2020-11-17,5012,11,2020,1,322,
559,5.91239723470062,2020-11-18,5012,11,2020,2,323,
560,19.736556239426136,2020-11-19,5012,11,2020,3,324,
561,24.035147762857378,2020-11-20,5012,11,2020,4,325,
562,12.500207666307688,2020-11-21,5012,11,2020,5,326,
563,22.778548794798557,2020-11-22,5012,11,2020,6,327,
564,14.264225924387574,2020-11-23,5012,11,2020,0,328,
565,10.828197446651757,2020-11-24,5012,11,2020,1,329,
566,7.3155827075243,2020-11-25,5012,11,2020,2,330,
567,36.13114763516933,2020-11-26,5012,11,2020,3,331,
568,25.309271632693708,2020-11-27,5012,11,2020,4,332,
569,21.587472626008093,2020-11-28,5012,11,2020,5,333,
570,28.805057734251022,2020-11-29,5012,11,2020,6,334,
571,19.82657162565738,2020-11-30,5012,11,2020,0,335,
572,12.602481941692533,2020-12-01,5012,12,2020,1,336,
573,4.94703767914325,2020-12-02,5012,12,2020,2,337,
574,0.1057729115709662,2020-12-03,5012,12,2020,3,338,
575,0.0168772339820861,2020-12-14,5012,12,2020,0,349,
576,0.8940182570368052,2020-12-15,5012,12,2020,1,350,
577,5.1941574746742845,2020-12-16,5012,12,2020,2,351,
578,8.954383379779756,2020-12-17,5012,12,2020,3,352,
579,8.696366417221725,2020-12-18,5012,12,2020,4,353,
580,0.5219924496486783,2020-12-19,5012,12,2020,5,354,
581,5.926949923858047,2020-12-20,5012,12,2020,6,355,
582,24.402911093086004,2020-12-21,5012,12,2020,0,356,
583,4.627003537490964,2020-12-22,5012,12,2020,1,357,
584,17.559716136194766,2020-12-23,5012,12,2020,2,358,
585,0.5106062274426222,2020-12-24,5012,12,2020,3,359,
586,0.5112699875608087,2020-12-25,5012,12,2020,4,360,
587,15.092794440686705,2020-12-26,5012,12,2020,5,361,
588,5.495729656890035,2020-12-27,5012,12,2020,6,362,
589,1.3094239253550768,2020-12-28,5012,12,2020,0,363,
590,0.515743943862617,2020-12-29,5012,12,2020,1,364,
591,32.02969225589186,2020-12-30,5012,12,2020,2,365,
592,29.722778015770015,2020-12-31,5012,12,2020,3,366,
593,6.5709426160901785,2021-01-01,5012,1,2021,4,1,
594,10.830367587506773,2021-01-02,5012,1,2021,5,2,
595,33.029023262672126,2021-01-03,5012,1,2021,6,3,
596,12.012223715893924,2021-01-04,5012,1,2021,0,4,
597,6.710363099351525,2021-01-05,5012,1,2021,1,5,
598,22.03443103935569,2021-01-06,5012,1,2021,2,6,
599,0.7052844548597932,2021-01-07,5012,1,2021,3,7,
600,12.559986436739564,2021-01-08,5012,1,2021,4,8,
601,11.275266199372709,2021-01-09,5012,1,2021,5,9,
602,6.393434341065586,2021-01-10,5012,1,2021,6,10,
603,3.7524761939421296,2021-01-11,5012,1,2021,0,11,
604,0.2436573496088385,2019-08-22,5014,8,2019,3,234,
605,1.553432676475495,2019-08-23,5014,8,2019,4,235,
606,8.810247380286455,2019-08-24,5014,8,2019,5,236,
607,23.14861124381423,2019-08-25,5014,8,2019,6,237,
608,0.491934223100543,2019-08-26,5014,8,2019,0,238,
609,0.4930938677862286,2019-08-27,5014,8,2019,1,239,
610,0.4806566219776869,2019-08-28,5014,8,2019,2,240,
611,0.4645841540768742,2019-08-29,5014,8,2019,3,241,
612,2.3094434794038534,2019-08-30,5014,8,2019,4,242,
613,0.4749225061386823,2019-08-31,5014,8,2019,5,243,
614,0.4507106142118573,2019-09-01,5014,9,2019,6,244,
615,0.4775465400889516,2019-09-02,5014,9,2019,0,245,
616,2.9207187813396254,2019-09-03,5014,9,2019,1,246,
617,0.22455302998423576,2019-09-04,5014,9,2019,2,247,
618,15.197200536262244,2019-09-05,5014,9,2019,3,248,
619,8.675991265413662,2019-09-06,5014,9,2019,4,249,
620,6.052941002417356,2019-09-07,5014,9,2019,5,250,
621,10.5676786233671,2019-09-08,5014,9,2019,6,251,
622,9.27280139690265,2019-09-09,5014,9,2019,0,252,
623,2.5471337335184216,2019-09-10,5014,9,2019,1,253,
624,7.0533008384518325,2019-09-11,5014,9,2019,2,254,
625,11.961896795313805,2019-09-12,5014,9,2019,3,255,
626,6.716006568167358,2019-09-13,5014,9,2019,4,256,
627,8.961157907731831,2019-09-14,5014,9,2019,5,257,
628,9.941377162467688,2019-09-15,5014,9,2019,6,258,
629,2.6455564904026687,2019-09-16,5014,9,2019,0,259,
630,15.462976215872914,2019-09-17,5014,9,2019,1,260,
631,6.274156044858198,2019-09-18,5014,9,2019,2,261,
632,11.978799590375274,2019-09-19,5014,9,2019,3,262,
633,15.620756060350688,2019-09-20,5014,9,2019,4,263,
634,12.862730268854648,2019-09-21,5014,9,2019,5,264,
635,14.42740532476455,2019-09-22,5014,9,2019,6,265,
636,7.096041157841682,2019-09-23,5014,9,2019,0,266,
637,0.9929268546402454,2019-09-24,5014,9,2019,1,267,
638,11.996745684184134,2019-10-01,5014,10,2019,1,274,
639,25.97462879493833,2019-10-02,5014,10,2019,2,275,
640,41.803371258080006,2019-10-03,5014,10,2019,3,276,
641,1.2172135980799794,2019-10-09,5014,10,2019,2,282,
642,52.86069856025279,2019-10-10,5014,10,2019,3,283,
643,23.43372136820108,2019-10-15,5014,10,2019,1,288,
644,5.28600297588855,2019-10-16,5014,10,2019,2,289,
645,160.76340469438583,2019-10-17,5014,10,2019,3,290,
646,16.467864276841283,2019-10-19,5014,10,2019,5,292,
647,8.035825405269861,2019-10-20,5014,10,2019,6,293,
648,8.06841400358826,2019-10-22,5014,10,2019,1,295,
649,6.053419360425323,2019-10-23,5014,10,2019,2,296,
650,21.0233343411237,2019-10-24,5014,10,2019,3,297,
651,0.4770398940891027,2019-10-25,5014,10,2019,4,298,
652,4.702877006493509,2019-10-28,5014,10,2019,0,301,
653,23.2892015632242,2019-10-29,5014,10,2019,1,302,
654,26.061921282671392,2019-10-30,5014,10,2019,2,303,
655,2.8213850324973464,2019-11-01,5014,11,2019,4,305,
656,24.72249761968851,2019-11-02,5014,11,2019,5,306,
657,20.710506916977465,2019-11-03,5014,11,2019,6,307,
658,10.71120405010879,2019-11-04,5014,11,2019,0,308,
659,15.20363099500537,2019-11-05,5014,11,2019,1,309,
660,7.90302340593189,2019-11-06,5014,11,2019,2,310,
661,16.254048503935337,2019-11-07,5014,11,2019,3,311,
662,20.766675899736583,2019-11-08,5014,11,2019,4,312,
663,26.85918821487576,2019-11-09,5014,11,2019,5,313,
664,11.89188351482153,2019-11-10,5014,11,2019,6,314,
665,21.452829517424107,2019-11-11,5014,11,2019,0,315,
666,14.670957477763295,2019-11-12,5014,11,2019,1,316,
667,10.30940488539636,2019-11-13,5014,11,2019,2,317,
668,11.10266736196354,2019-11-14,5014,11,2019,3,318,
669,46.75349172577262,2019-11-15,5014,11,2019,4,319,
670,7.130777094513178,2019-11-16,5014,11,2019,5,320,
671,0.6353102792054415,2019-11-17,5014,11,2019,6,321,
672,0.36159021966159344,2019-11-18,5014,11,2019,0,322,
673,20.88539396598935,2019-11-19,5014,11,2019,1,323,
674,22.88401201926172,2019-11-20,5014,11,2019,2,324,
675,28.693588707596064,2019-11-21,5014,11,2019,3,325,
676,13.266684415750206,2019-11-22,5014,11,2019,4,326,
677,22.39162014052272,2019-11-23,5014,11,2019,5,327,
678,19.352754426188767,2019-11-24,5014,11,2019,6,328,
679,18.02157351654023,2019-11-25,5014,11,2019,0,329,
680,39.98781625926495,2019-11-26,5014,11,2019,1,330,
681,21.07918553892523,2019-11-27,5014,11,2019,2,331,
682,43.77788222860545,2019-11-28,5014,11,2019,3,332,
683,54.33322126418352,2019-11-29,5014,11,2019,4,333,
684,21.878664813004438,2019-11-30,5014,11,2019,5,334,
685,21.07899909466505,2019-12-01,5014,12,2019,6,335,
686,33.41079383343458,2019-12-02,5014,12,2019,0,336,
687,0.4622219987213611,2019-12-03,5014,12,2019,1,337,
688,0.3524266025051474,2019-12-04,5014,12,2019,2,338,
689,0.3867750540375709,2019-12-05,5014,12,2019,3,339,
690,20.96235179901123,2019-12-06,5014,12,2019,4,340,
691,0.9864220349118114,2019-12-07,5014,12,2019,5,341,
692,16.528288647532463,2019-12-08,5014,12,2019,6,342,
693,23.31626948248595,2019-12-09,5014,12,2019,0,343,
694,22.347805206663907,2019-12-10,5014,12,2019,1,344,
695,5.284055378288031,2019-12-11,5014,12,2019,2,345,
696,0.3832797612994909,2019-12-12,5014,12,2019,3,346,
697,0.4420896396040916,2019-12-13,5014,12,2019,4,347,
698,6.088992489501834,2019-12-14,5014,12,2019,5,348,
699,3.66218236554414,2019-12-15,5014,12,2019,6,349,
700,1.4384324690327048,2019-12-16,5014,12,2019,0,350,
701,7.516110658179969,2019-12-17,5014,12,2019,1,351,
702,10.09614212345332,2019-12-18,5014,12,2019,2,352,
703,25.02955457381904,2019-12-19,5014,12,2019,3,353,
704,18.865322182886302,2019-12-20,5014,12,2019,4,354,
705,0.2793941423296928,2019-12-21,5014,12,2019,5,355,
706,12.90202884748578,2019-12-22,5014,12,2019,6,356,
707,7.407314863521606,2019-12-23,5014,12,2019,0,357,
708,0.0401343312114477,2019-12-24,5014,12,2019,1,358,
709,13.958302997983992,2019-12-26,5014,12,2019,3,360,
710,12.688093987759201,2019-12-27,5014,12,2019,4,361,
711,14.579877954907715,2019-12-28,5014,12,2019,5,362,
712,12.270931619219482,2019-12-29,5014,12,2019,6,363,
713,22.281610063277185,2019-12-30,5014,12,2019,0,364,
714,12.346055859234184,2019-12-31,5014,12,2019,1,365,
715,6.434485645964742,2020-01-01,5014,1,2020,2,1,
716,2.55759894894436,2020-01-02,5014,1,2020,3,2,
717,19.30760266724974,2020-01-03,5014,1,2020,4,3,
718,10.614717165473849,2020-01-04,5014,1,2020,5,4,
719,1.9698841711506248,2020-01-05,5014,1,2020,6,5,
720,13.941405158955604,2020-01-06,5014,1,2020,0,6,
721,6.5392449903301895,2020-01-07,5014,1,2020,1,7,
722,10.255613481625915,2020-01-08,5014,1,2020,2,8,
723,13.543477814644575,2020-01-09,5014,1,2020,3,9,
724,8.017930906265974,2020-01-10,5014,1,2020,4,10,
725,11.281790063716471,2020-01-11,5014,1,2020,5,11,
726,6.985359979793429,2020-01-12,5014,1,2020,6,12,
727,2.076431591063738,2020-01-13,5014,1,2020,0,13,
728,17.298636875580996,2020-01-14,5014,1,2020,1,14,
729,21.169386012014,2020-01-15,5014,1,2020,2,15,
730,4.833036006428302,2020-01-16,5014,1,2020,3,16,
731,0.5188362635672092,2020-01-17,5014,1,2020,4,17,
732,13.067192244809123,2020-01-18,5014,1,2020,5,18,
733,5.194914428517222,2020-01-19,5014,1,2020,6,19,
734,0.3666633004322648,2020-01-20,5014,1,2020,0,20,
735,19.388304346706718,2020-01-21,5014,1,2020,1,21,
736,18.885404559317976,2020-01-22,5014,1,2020,2,22,
737,27.12016430357471,2020-01-23,5014,1,2020,3,23,
738,0.5924567803740501,2020-01-24,5014,1,2020,4,24,
739,7.012309031561017,2020-01-26,5014,1,2020,6,26,
740,3.7331948936916888,2020-01-27,5014,1,2020,0,27,
741,2.468324621208012,2020-01-28,5014,1,2020,1,28,
742,6.912932444363832,2020-01-29,5014,1,2020,2,29,
743,8.80985903274268,2020-01-30,5014,1,2020,3,30,
744,13.600285235326737,2020-01-31,5014,1,2020,4,31,
745,7.269306366797537,2020-02-01,5014,2,2020,5,32,
746,25.528408179059625,2020-02-02,5014,2,2020,6,33,
747,14.108861866872756,2020-02-03,5014,2,2020,0,34,
748,53.94037870550528,2020-02-04,5014,2,2020,1,35,
749,6.186158541589975,2020-02-05,5014,2,2020,2,36,
750,0.5824707825668156,2020-02-06,5014,2,2020,3,37,
751,4.2663582265377045,2020-02-07,5014,2,2020,4,38,
752,6.393897208850831,2020-02-08,5014,2,2020,5,39,
753,30.50271651521325,2020-02-09,5014,2,2020,6,40,
754,4.448182083666325,2020-02-10,5014,2,2020,0,41,
755,17.758157243020833,2020-02-11,5014,2,2020,1,42,
756,7.0765331578440955,2020-02-12,5014,2,2020,2,43,
757,11.8082742462866,2020-02-13,5014,2,2020,3,44,
758,6.630639703478664,2020-02-14,5014,2,2020,4,45,
759,0.39875016594305634,2020-02-15,5014,2,2020,5,46,
760,1.613403999246657,2020-02-17,5014,2,2020,0,48,
761,5.096871727146209,2020-02-18,5014,2,2020,1,49,
762,10.270267524290832,2020-02-19,5014,2,2020,2,50,
763,2.175930244382471,2020-02-20,5014,2,2020,3,51,
764,17.031921346206218,2020-02-21,5014,2,2020,4,52,
765,15.726767126005143,2020-02-22,5014,2,2020,5,53,
766,9.082712275441736,2020-02-23,5014,2,2020,6,54,
767,9.82129482878372,2020-02-24,5014,2,2020,0,55,
768,11.590117503888905,2020-02-25,5014,2,2020,1,56,
769,19.934204339049757,2020-02-26,5014,2,2020,2,57,
770,3.8333709025755525,2020-02-27,5014,2,2020,3,58,
771,18.788495725020766,2020-02-28,5014,2,2020,4,59,
772,23.425351408775896,2020-02-29,5014,2,2020,5,60,
773,7.21694107959047,2020-03-01,5014,3,2020,6,61,
774,17.475592223461717,2020-03-02,5014,3,2020,0,62,
775,28.395890754647553,2020-03-03,5014,3,2020,1,63,
776,20.918244989588857,2020-03-04,5014,3,2020,2,64,
777,4.250605438370258,2020-03-05,5014,3,2020,3,65,
778,8.916140512097627,2020-03-06,5014,3,2020,4,66,
779,12.084449137095362,2020-03-07,5014,3,2020,5,67,
780,6.031893843319267,2020-03-08,5014,3,2020,6,68,
781,2.306762967258692,2020-03-09,5014,3,2020,0,69,
782,4.209833223372698,2020-03-10,5014,3,2020,1,70,
783,20.97170989634469,2020-03-11,5014,3,2020,2,71,
784,11.7328582550399,2020-03-12,5014,3,2020,3,72,
785,6.74387645116076,2020-03-13,5014,3,2020,4,73,
786,0.14102430269122118,2020-03-14,5014,3,2020,5,74,
787,0.1117457901127636,2020-03-31,5014,3,2020,1,91,
788,2.4242336861789227,2020-04-01,5014,4,2020,2,92,
789,0.1174508919939398,2020-04-21,5014,4,2020,1,112,
790,0.0635950379073619,2020-04-22,5014,4,2020,2,113,
791,0.13689385494217274,2020-04-23,5014,4,2020,3,114,
792,0.22756781475618482,2020-04-24,5014,4,2020,4,115,
793,0.2442553755827248,2020-04-25,5014,4,2020,5,116,
794,5.8501161406748,2020-04-26,5014,4,2020,6,117,
795,6.690597011707723,2020-04-27,5014,4,2020,0,118,
796,1.097748788073659,2020-04-28,5014,4,2020,1,119,
797,0.17977060517296195,2020-04-29,5014,4,2020,2,120,
798,0.5123862060718238,2020-05-19,5014,5,2020,1,140,
799,6.996715923305601,2020-05-20,5014,5,2020,2,141,
800,13.981828184332699,2020-05-21,5014,5,2020,3,142,
801,3.408367038704455,2020-05-22,5014,5,2020,4,143,
802,2.6920416965149343,2020-05-23,5014,5,2020,5,144,
803,5.8164416858926415,2020-05-24,5014,5,2020,6,145,
804,1.7450707615353167,2020-05-25,5014,5,2020,0,146,
805,4.68934989720583,2020-05-26,5014,5,2020,1,147,
806,4.725922394078225,2020-05-27,5014,5,2020,2,148,
807,0.23658936284482474,2020-05-28,5014,5,2020,3,149,
808,2.754322719760239,2020-05-29,5014,5,2020,4,150,
809,0.9480949081480503,2020-05-30,5014,5,2020,5,151,
810,0.24574348982423538,2020-05-31,5014,5,2020,6,152,
811,0.6262788623571396,2020-06-01,5014,6,2020,0,153,
812,0.24290837626904246,2020-06-02,5014,6,2020,1,154,
813,1.1765117766335607,2020-06-03,5014,6,2020,2,155,
814,12.89341534487903,2020-06-04,5014,6,2020,3,156,
815,1.4934384576044977,2020-06-05,5014,6,2020,4,157,
816,0.35806811461225146,2020-09-04,5014,9,2020,4,248,
817,0.2362610860727727,2020-09-05,5014,9,2020,5,249,
818,0.2114999718032777,2020-09-06,5014,9,2020,6,250,
819,1.2642487180419266,2020-09-07,5014,9,2020,0,251,
820,11.985510902944952,2020-09-08,5014,9,2020,1,252,
821,9.203753668349236,2020-09-09,5014,9,2020,2,253,
822,11.38210052717477,2020-09-10,5014,9,2020,3,254,
823,18.57154822954908,2020-09-11,5014,9,2020,4,255,
824,9.914891642984001,2020-09-12,5014,9,2020,5,256,
825,9.013584762346,2020-09-13,5014,9,2020,6,257,
826,12.301265854388475,2020-09-14,5014,9,2020,0,258,
827,5.092697382904588,2020-09-15,5014,9,2020,1,259,
828,9.753383167553691,2020-09-16,5014,9,2020,2,260,
829,0.7642088471911849,2020-09-17,5014,9,2020,3,261,
830,2.46733231889084,2020-09-19,5014,9,2020,5,263,
831,7.139791577588767,2020-09-20,5014,9,2020,6,264,
832,12.820897662080824,2020-09-21,5014,9,2020,0,265,
833,16.06959726009518,2020-09-22,5014,9,2020,1,266,
834,12.919322342146188,2020-09-23,5014,9,2020,2,267,
835,6.317810002248734,2020-09-24,5014,9,2020,3,268,
836,11.707490290515125,2020-09-25,5014,9,2020,4,269,
837,11.783368150237948,2020-09-26,5014,9,2020,5,270,
838,11.741872027982026,2020-09-27,5014,9,2020,6,271,
839,2.71714706113562,2020-09-29,5014,9,2020,1,273,
840,14.700797473546118,2020-09-30,5014,9,2020,2,274,
841,3.7431190558709204,2020-10-01,5014,10,2020,3,275,
842,0.06013963324949145,2020-10-02,5014,10,2020,4,276,
843,0.0842836098745465,2020-10-09,5014,10,2020,4,283,
844,0.37313428800553083,2020-10-10,5014,10,2020,5,284,
845,0.3811328075826168,2020-10-11,5014,10,2020,6,285,
846,0.39727861946448684,2020-10-12,5014,10,2020,0,286,
847,0.34118378441780806,2020-10-13,5014,10,2020,1,287,
848,0.33194225234910846,2020-10-14,5014,10,2020,2,288,
849,0.33617338072508574,2020-10-15,5014,10,2020,3,289,
850,8.430207069963217,2020-10-16,5014,10,2020,4,290,
851,5.240126956719904,2020-10-17,5014,10,2020,5,291,
852,21.23221543105319,2020-10-18,5014,10,2020,6,292,
853,4.564257887657732,2020-10-19,5014,10,2020,0,293,
854,7.575260909739882,2020-10-20,5014,10,2020,1,294,
855,9.610595613718031,2020-10-21,5014,10,2020,2,295,
856,9.65280980989337,2020-10-22,5014,10,2020,3,296,
857,2.9205894847400486,2020-10-23,5014,10,2020,4,297,
858,1.8978233519010248,2020-10-24,5014,10,2020,5,298,
859,9.842777451034635,2020-10-25,5014,10,2020,6,299,
860,0.3988002524711191,2020-10-26,5014,10,2020,0,300,
861,3.9269684683531523,2020-10-27,5014,10,2020,1,301,
862,0.27353242179378867,2020-10-28,5014,10,2020,2,302,
863,5.3306694510392845,2020-10-29,5014,10,2020,3,303,
864,11.854901501908898,2020-10-30,5014,10,2020,4,304,
865,4.431974723469466,2020-10-31,5014,10,2020,5,305,
866,7.81213928386569,2020-11-01,5014,11,2020,6,306,
867,15.253788434900343,2020-11-02,5014,11,2020,0,307,
868,0.26609773933887476,2020-11-03,5014,11,2020,1,308,
869,6.380974067375064,2020-11-04,5014,11,2020,2,309,
870,8.90214513335377,2020-11-05,5014,11,2020,3,310,
871,11.51087565207854,2020-11-06,5014,11,2020,4,311,
872,14.197030826937407,2020-11-07,5014,11,2020,5,312,
873,9.800138531718401,2020-11-08,5014,11,2020,6,313,
874,7.9371599834412345,2020-11-09,5014,11,2020,0,314,
875,3.0744324361439794,2020-11-10,5014,11,2020,1,315,
876,1.145124628674239,2020-11-11,5014,11,2020,2,316,
877,5.285319509450346,2020-11-12,5014,11,2020,3,317,
878,3.621685206424445,2020-11-13,5014,11,2020,4,318,
879,0.15184518927708263,2020-11-14,5014,11,2020,5,319,
880,5.836999808903784,2020-11-15,5014,11,2020,6,320,
881,7.154366655740887,2020-11-16,5014,11,2020,0,321,
882,4.7434497945941985,2020-11-17,5014,11,2020,1,322,
883,7.868860865011811,2020-11-18,5014,11,2020,2,323,
884,7.714053541421891,2020-11-19,5014,11,2020,3,324,
885,11.234051171224564,2020-11-20,5014,11,2020,4,325,
886,7.69253777526319,2020-11-21,5014,11,2020,5,326,
887,11.126516532152891,2020-11-22,5014,11,2020,6,327,
888,11.016674106009305,2020-11-23,5014,11,2020,0,328,
889,5.012562651652844,2020-11-24,5014,11,2020,1,329,
890,15.273394051473588,2020-11-25,5014,11,2020,2,330,
891,20.92642631661147,2020-11-26,5014,11,2020,3,331,
892,17.671218971256167,2020-11-27,5014,11,2020,4,332,
893,6.37678559590131,2020-11-28,5014,11,2020,5,333,
894,8.170085381250829,2020-11-29,5014,11,2020,6,334,
895,10.070645290892571,2020-11-30,5014,11,2020,0,335,
896,4.915564160328359,2020-12-01,5014,12,2020,1,336,
897,5.661813110113144,2020-12-02,5014,12,2020,2,337,
898,0.06407510349527,2020-12-03,5014,12,2020,3,338,
899,0.0101370285265147,2020-12-14,5014,12,2020,0,349,
900,12.726083646062763,2020-12-15,5014,12,2020,1,350,
901,1.035197485703975,2020-12-16,5014,12,2020,2,351,
902,0.9679344869218767,2020-12-17,5014,12,2020,3,352,
903,2.020109291188419,2020-12-18,5014,12,2020,4,353,
904,1.3287541195750237,2020-12-19,5014,12,2020,5,354,
905,10.537584331352264,2020-12-20,5014,12,2020,6,355,
906,4.104018978308886,2020-12-21,5014,12,2020,0,356,
907,0.31232820590957994,2020-12-22,5014,12,2020,1,357,
908,12.164475283585489,2020-12-23,5014,12,2020,2,358,
909,3.602459686342627,2020-12-24,5014,12,2020,3,359,
910,9.048329293727875,2020-12-25,5014,12,2020,4,360,
911,6.162413723766804,2020-12-26,5014,12,2020,5,361,
912,0.31033390387892723,2020-12-27,5014,12,2020,6,362,
913,2.4407306793145835,2020-12-28,5014,12,2020,0,363,
914,9.888126138597727,2020-12-29,5014,12,2020,1,364,
915,13.095073030795902,2020-12-30,5014,12,2020,2,365,
916,4.879503584001213,2020-12-31,5014,12,2020,3,366,
917,9.21425769617781,2021-01-01,5014,1,2021,4,1,
918,1.2507275203242898,2021-01-02,5014,1,2021,5,2,
919,1.9916322017088532,2021-01-03,5014,1,2021,6,3,
920,0.6478096572682261,2021-01-04,5014,1,2021,0,4,
921,0.9027144676074387,2021-01-05,5014,1,2021,1,5,
922,2.262082484550774,2021-01-06,5014,1,2021,2,6,
923,0.4057878446765244,2021-01-07,5014,1,2021,3,7,
924,3.0158019922673702,2021-01-08,5014,1,2021,4,8,
925,1.1875409479252994,2021-01-09,5014,1,2021,5,9,
926,2.7925157551653683,2021-01-10,5014,1,2021,6,10,
927,6.541373977437615,2021-01-11,5014,1,2021,0,11,
928,1.6828409070149064,2019-08-06,5023,8,2019,1,218,
929,20.91156653314829,2019-08-07,5023,8,2019,2,219,
930,8.244548787828535,2019-08-08,5023,8,2019,3,220,
931,8.576867154799402,2019-08-09,5023,8,2019,4,221,
932,11.33534175157547,2019-08-10,5023,8,2019,5,222,
933,18.024593580979854,2019-08-11,5023,8,2019,6,223,
934,9.80742829106748,2019-08-12,5023,8,2019,0,224,
935,6.468476616311818,2019-08-13,5023,8,2019,1,225,
936,10.190837657544762,2019-08-14,5023,8,2019,2,226,
937,6.974738456308842,2019-08-15,5023,8,2019,3,227,
938,5.949727267492562,2019-08-16,5023,8,2019,4,228,
939,7.821988000068814,2019-08-17,5023,8,2019,5,229,
940,0.4860333260148763,2019-08-18,5023,8,2019,6,230,
941,0.25306810485199094,2019-08-19,5023,8,2019,0,231,
942,11.04474401054904,2019-08-20,5023,8,2019,1,232,
943,7.337869518436492,2019-08-21,5023,8,2019,2,233,
944,19.098800586070865,2019-08-22,5023,8,2019,3,234,
945,2.055928965099156,2019-08-23,5023,8,2019,4,235,
946,0.25962655432522297,2019-08-24,5023,8,2019,5,236,
947,5.209566820878536,2019-08-25,5023,8,2019,6,237,
948,6.546430760063231,2019-08-26,5023,8,2019,0,238,
949,5.848875260911882,2019-08-27,5023,8,2019,1,239,
950,3.3327190610580146,2019-08-28,5023,8,2019,2,240,
951,0.5347041180357337,2019-08-29,5023,8,2019,3,241,
952,0.28402965469285846,2019-08-30,5023,8,2019,4,242,
953,0.5111821601167321,2019-08-31,5023,8,2019,5,243,
954,4.659342421218753,2019-09-01,5023,9,2019,6,244,
955,8.889770324807614,2019-09-02,5023,9,2019,0,245,
956,4.991155593190342,2019-09-03,5023,9,2019,1,246,
957,11.376682243309915,2019-09-04,5023,9,2019,2,247,
958,10.990105334669352,2019-09-05,5023,9,2019,3,248,
959,2.058763761073351,2019-09-06,5023,9,2019,4,249,
960,8.514487671665847,2019-09-07,5023,9,2019,5,250,
961,17.41404348006472,2019-09-08,5023,9,2019,6,251,
962,16.09695492591709,2019-09-09,5023,9,2019,0,252,
963,9.434458379168063,2019-09-10,5023,9,2019,1,253,
964,4.886436794884503,2019-09-11,5023,9,2019,2,254,
965,3.1231649620458484,2019-09-12,5023,9,2019,3,255,
966,15.319459947291762,2019-09-13,5023,9,2019,4,256,
967,14.6574521320872,2019-09-14,5023,9,2019,5,257,
968,9.824596088379623,2019-09-15,5023,9,2019,6,258,
969,5.432141943834722,2019-09-16,5023,9,2019,0,259,
970,23.304544034879658,2019-09-17,5023,9,2019,1,260,
971,6.803751051891595,2019-09-18,5023,9,2019,2,261,
972,10.495875866618007,2019-09-19,5023,9,2019,3,262,
973,10.387593185994774,2019-09-20,5023,9,2019,4,263,
974,0.5256885383278131,2019-09-21,5023,9,2019,5,264,
975,25.186875680461526,2019-09-22,5023,9,2019,6,265,
976,18.15881363255903,2019-09-23,5023,9,2019,0,266,
977,6.2513458309695125,2019-09-24,5023,9,2019,1,267,
978,3.973568574991077,2019-09-25,5023,9,2019,2,268,
979,22.47285099560395,2019-09-26,5023,9,2019,3,269,
980,17.39979186281562,2019-09-27,5023,9,2019,4,270,
981,8.21891062008217,2019-09-28,5023,9,2019,5,271,
982,5.004216950386763,2019-09-29,5023,9,2019,6,272,
983,0.24332508211955425,2019-09-30,5023,9,2019,0,273,
984,0.24352632695809004,2019-10-01,5023,10,2019,1,274,
985,8.813931236974895,2019-10-02,5023,10,2019,2,275,
986,13.401215185411274,2019-10-03,5023,10,2019,3,276,
987,6.458421340677887,2019-10-04,5023,10,2019,4,277,
988,15.258423047140242,2019-10-05,5023,10,2019,5,278,
989,24.9130140831694,2019-10-06,5023,10,2019,6,279,
990,12.637951662763953,2019-10-07,5023,10,2019,0,280,
991,14.24489756533876,2019-10-08,5023,10,2019,1,281,
992,0.25825217831879854,2019-10-09,5023,10,2019,2,282,
993,0.5632199812680483,2019-10-10,5023,10,2019,3,283,
994,2.4827028131112456,2019-10-11,5023,10,2019,4,284,
995,5.34769130917266,2019-10-12,5023,10,2019,5,285,
996,11.114293552003803,2019-10-13,5023,10,2019,6,286,
997,14.435366501100361,2019-10-14,5023,10,2019,0,287,
998,9.736758241429925,2019-10-15,5023,10,2019,1,288,
999,9.536856864579022,2019-10-16,5023,10,2019,2,289,
1000,11.225914002396166,2019-10-17,5023,10,2019,3,290,
1001,17.46529804589227,2019-10-18,5023,10,2019,4,291,
1002,17.0462348703295,2019-10-19,5023,10,2019,5,292,
1003,10.008538536727428,2019-10-20,5023,10,2019,6,293,
1004,11.276552939321846,2019-10-21,5023,10,2019,0,294,
1005,18.09235673258081,2019-10-22,5023,10,2019,1,295,
1006,18.74281015433371,2019-10-23,5023,10,2019,2,296,
1007,8.245827997568995,2019-10-24,5023,10,2019,3,297,
1008,12.463083547074348,2019-10-25,5023,10,2019,4,298,
1009,0.5238724360242486,2019-10-26,5023,10,2019,5,299,
1010,9.95501698879525,2019-10-27,5023,10,2019,6,300,
1011,7.952764998190105,2019-10-28,5023,10,2019,0,301,
1012,11.268231275025753,2019-10-29,5023,10,2019,1,302,
1013,13.882724399212748,2019-10-30,5023,10,2019,2,303,
1014,16.796213081106544,2019-10-31,5023,10,2019,3,304,
1015,0.4457889106124639,2019-11-01,5023,11,2019,4,305,
1016,0.25186087423935527,2019-11-02,5023,11,2019,5,306,
1017,0.2553285579197109,2019-11-03,5023,11,2019,6,307,
1018,0.25423578592017293,2019-11-04,5023,11,2019,0,308,
1019,0.6263359803706408,2019-11-05,5023,11,2019,1,309,
1020,0.25164639484137297,2019-11-06,5023,11,2019,2,310,
1021,0.3076346702873707,2019-11-07,5023,11,2019,3,311,
1022,0.2485802443698048,2019-11-08,5023,11,2019,4,312,
1023,0.2552818013355136,2019-11-09,5023,11,2019,5,313,
1024,12.01688550133258,2019-11-10,5023,11,2019,6,314,
1025,16.365096215624362,2019-11-11,5023,11,2019,0,315,
1026,13.330567388795316,2019-11-12,5023,11,2019,1,316,
1027,18.58773458749056,2019-11-13,5023,11,2019,2,317,
1028,0.28924773726612324,2019-11-14,5023,11,2019,3,318,
1029,0.2645871308632195,2019-11-15,5023,11,2019,4,319,
1030,0.35157051449641585,2019-11-16,5023,11,2019,5,320,
1031,0.16806474328041074,2019-11-17,5023,11,2019,6,321,
1032,0.26584835536777973,2019-11-18,5023,11,2019,0,322,
1033,9.278683607000858,2019-11-19,5023,11,2019,1,323,
1034,29.783859134651724,2019-11-20,5023,11,2019,2,324,
1035,24.97513822419569,2019-11-21,5023,11,2019,3,325,
1036,24.036883875727654,2019-11-22,5023,11,2019,4,326,
1037,10.542709054425359,2019-11-23,5023,11,2019,5,327,
1038,18.41594990203157,2019-11-24,5023,11,2019,6,328,
1039,2.691929512191564,2019-11-25,5023,11,2019,0,329,
1040,17.048969203140587,2019-11-26,5023,11,2019,1,330,
1041,18.36330053815618,2019-11-27,5023,11,2019,2,331,
1042,13.95993758691475,2019-11-28,5023,11,2019,3,332,
1043,12.461606184951961,2019-11-29,5023,11,2019,4,333,
1044,8.339086222462356,2019-11-30,5023,11,2019,5,334,
1045,21.916550271213058,2019-12-01,5023,12,2019,6,335,
1046,16.042648553848267,2019-12-02,5023,12,2019,0,336,
1047,18.556742260232568,2019-12-03,5023,12,2019,1,337,
1048,14.027161145117134,2019-12-04,5023,12,2019,2,338,
1049,15.031655293423682,2019-12-05,5023,12,2019,3,339,
1050,11.102506220340729,2019-12-06,5023,12,2019,4,340,
1051,6.136769116856157,2019-12-07,5023,12,2019,5,341,
1052,0.5169051913544536,2019-12-08,5023,12,2019,6,342,
1053,5.0748874810524285,2019-12-09,5023,12,2019,0,343,
1054,0.6548740193247795,2019-12-10,5023,12,2019,1,344,
1055,8.689831983763725,2019-12-11,5023,12,2019,2,345,
1056,7.649925513658673,2019-12-12,5023,12,2019,3,346,
1057,17.351630355231464,2019-12-13,5023,12,2019,4,347,
1058,0.5198462633416057,2019-12-14,5023,12,2019,5,348,
1059,8.813209421932697,2019-12-15,5023,12,2019,6,349,
1060,29.734778037294745,2019-12-16,5023,12,2019,0,350,
1061,1.814860159996897,2019-12-17,5023,12,2019,1,351,
1062,0.595501571893692,2019-12-18,5023,12,2019,2,352,
1063,43.12825787765905,2019-12-19,5023,12,2019,3,353,
1064,16.876706352457404,2019-12-20,5023,12,2019,4,354,
1065,11.691307777538897,2019-12-21,5023,12,2019,5,355,
1066,5.2543719662353405,2019-12-22,5023,12,2019,6,356,
1067,21.48019005265087,2019-12-23,5023,12,2019,0,357,
1068,13.572796732187273,2019-12-24,5023,12,2019,1,358,
1069,16.12117712572217,2019-12-25,5023,12,2019,2,359,
1070,9.214851724449545,2019-12-26,5023,12,2019,3,360,
1071,24.037071167491376,2019-12-27,5023,12,2019,4,361,
1072,23.96625083591789,2019-12-28,5023,12,2019,5,362,
1073,17.56474884878844,2019-12-29,5023,12,2019,6,363,
1074,3.954610335174948,2019-12-30,5023,12,2019,0,364,
1075,9.756850409321487,2019-12-31,5023,12,2019,1,365,
1076,14.191733171232045,2020-01-01,5023,1,2020,2,1,
1077,23.85135878622532,2020-01-02,5023,1,2020,3,2,
1078,2.2262708880007267,2020-01-03,5023,1,2020,4,3,
1079,11.886571892071515,2020-01-04,5023,1,2020,5,4,
1080,19.460270925890654,2020-01-05,5023,1,2020,6,5,
1081,9.651640206109732,2020-01-06,5023,1,2020,0,6,
1082,12.894259257707747,2020-01-07,5023,1,2020,1,7,
1083,14.087474062107503,2020-01-08,5023,1,2020,2,8,
1084,14.39425486465916,2020-01-09,5023,1,2020,3,9,
1085,0.5183186642825603,2020-01-10,5023,1,2020,4,10,
1086,0.5172102684155107,2020-01-11,5023,1,2020,5,11,
1087,0.2606458682566881,2020-01-12,5023,1,2020,6,12,
1088,12.786122529767454,2020-01-13,5023,1,2020,0,13,
1089,13.107192285824567,2020-01-14,5023,1,2020,1,14,
1090,7.109432420227677,2020-01-15,5023,1,2020,2,15,
1091,13.731990560889244,2020-01-16,5023,1,2020,3,16,
1092,1.1114839566871524,2020-01-17,5023,1,2020,4,17,
1093,9.63844318687916,2020-01-18,5023,1,2020,5,18,
1094,20.593660582322627,2020-01-19,5023,1,2020,6,19,
1095,29.915414568036795,2020-01-20,5023,1,2020,0,20,
1096,1.326118746306747,2020-01-21,5023,1,2020,1,21,
1097,17.8371440381743,2020-01-22,5023,1,2020,2,22,
1098,18.65809456864372,2020-01-23,5023,1,2020,3,23,
1099,3.9900645231828094,2020-01-24,5023,1,2020,4,24,
1100,23.265939986798912,2020-01-25,5023,1,2020,5,25,
1101,0.8317604707553982,2020-01-26,5023,1,2020,6,26,
1102,0.28854543250054115,2020-01-27,5023,1,2020,0,27,
1103,0.2579997056163847,2020-01-28,5023,1,2020,1,28,
1104,16.378983492963016,2020-01-29,5023,1,2020,2,29,
1105,16.289357364643365,2020-01-30,5023,1,2020,3,30,
1106,13.531952684745193,2020-01-31,5023,1,2020,4,31,
1107,16.063845980912447,2020-02-01,5023,2,2020,5,32,
1108,1.3567698327824473,2020-02-02,5023,2,2020,6,33,
1109,27.20202617580071,2020-02-03,5023,2,2020,0,34,
1110,8.46930245961994,2020-02-04,5023,2,2020,1,35,
1111,96.47885824786499,2020-02-05,5023,2,2020,2,36,
1112,0.9123889184556901,2020-02-06,5023,2,2020,3,37,
1113,1.349971637595445,2020-02-07,5023,2,2020,4,38,
1114,20.41769459983334,2020-02-08,5023,2,2020,5,39,
1115,18.32294352352619,2020-02-09,5023,2,2020,6,40,
1116,7.373847099021078,2020-02-10,5023,2,2020,0,41,
1117,20.473059467040002,2020-02-11,5023,2,2020,1,42,
1118,4.313808447215706,2020-02-12,5023,2,2020,2,43,
1119,3.2960188104771078,2020-02-13,5023,2,2020,3,44,
1120,24.17683657212183,2020-02-14,5023,2,2020,4,45,
1121,6.421392159070819,2020-02-15,5023,2,2020,5,46,
1122,17.458275435958058,2020-02-17,5023,2,2020,0,48,
1123,10.553690392989665,2020-02-18,5023,2,2020,1,49,
1124,34.22320341691375,2020-02-19,5023,2,2020,2,50,
1125,31.745266519021243,2020-02-20,5023,2,2020,3,51,
1126,19.984002598095685,2020-02-21,5023,2,2020,4,52,
1127,18.277831661049277,2020-02-22,5023,2,2020,5,53,
1128,11.354378221090883,2020-02-23,5023,2,2020,6,54,
1129,1.959441517945379,2020-02-24,5023,2,2020,0,55,
1130,4.84079070435837,2020-02-25,5023,2,2020,1,56,
1131,18.16119492566213,2020-02-26,5023,2,2020,2,57,
1132,9.252125969156623,2020-02-27,5023,2,2020,3,58,
1133,32.64380716904998,2020-02-28,5023,2,2020,4,59,
1134,28.57069448567927,2020-02-29,5023,2,2020,5,60,
1135,21.856391598004848,2020-03-01,5023,3,2020,6,61,
1136,2.7749409954994917,2020-03-02,5023,3,2020,0,62,
1137,0.2602241020649671,2020-03-03,5023,3,2020,1,63,
1138,0.25983794219791884,2020-03-04,5023,3,2020,2,64,
1139,0.2594930073246359,2020-03-05,5023,3,2020,3,65,
1140,0.1569231976754963,2020-03-06,5023,3,2020,4,66,
1141,0.25946555007249117,2020-03-07,5023,3,2020,5,67,
1142,0.25993507308885455,2020-03-08,5023,3,2020,6,68,
1143,0.26012380421161646,2020-03-09,5023,3,2020,0,69,
1144,0.2627548081800341,2020-03-10,5023,3,2020,1,70,
1145,0.2653713691979646,2020-03-11,5023,3,2020,2,71,
1146,0.2602922823280096,2020-03-12,5023,3,2020,3,72,
1147,0.2596979872323572,2020-03-13,5023,3,2020,4,73,
1148,0.25987120438367123,2020-03-14,5023,3,2020,5,74,
1149,0.2599030095152557,2020-03-15,5023,3,2020,6,75,
1150,0.40333054773509497,2020-03-16,5023,3,2020,0,76,
1151,0.29411604534834623,2020-03-17,5023,3,2020,1,77,
1152,0.2602407750673592,2020-03-18,5023,3,2020,2,78,
1153,0.25990961585193867,2020-03-19,5023,3,2020,3,79,
1154,0.26048094965517515,2020-03-20,5023,3,2020,4,80,
1155,0.2606638972647488,2020-03-21,5023,3,2020,5,81,
1156,0.2597456984221935,2020-03-22,5023,3,2020,6,82,
1157,1.2784315217286348,2020-03-23,5023,3,2020,0,83,
1158,0.2601383505389094,2020-03-24,5023,3,2020,1,84,
1159,1.6260281004942954,2020-03-25,5023,3,2020,2,85,
1160,1.8009909647516906,2020-03-26,5023,3,2020,3,86,
1161,3.123647741507739,2020-03-27,5023,3,2020,4,87,
1162,7.74823496863246,2020-03-28,5023,3,2020,5,88,
1163,5.820552279707044,2020-03-29,5023,3,2020,6,89,
1164,4.934526090975851,2020-03-30,5023,3,2020,0,90,
1165,11.527076771482825,2020-03-31,5023,3,2020,1,91,
1166,10.329401819501074,2020-04-01,5023,4,2020,2,92,
1167,7.2584238895215085,2020-04-02,5023,4,2020,3,93,
1168,7.1626574150286615,2020-04-03,5023,4,2020,4,94,
1169,0.2601083829067647,2020-04-04,5023,4,2020,5,95,
1170,15.090432424098253,2020-04-05,5023,4,2020,6,96,
1171,12.462338551878927,2020-04-06,5023,4,2020,0,97,
1172,0.2561575202271342,2020-04-07,5023,4,2020,1,98,
1173,2.951895682141185,2020-04-08,5023,4,2020,2,99,
1174,7.81465348880738,2020-04-09,5023,4,2020,3,100,
1175,9.721549622714518,2020-04-10,5023,4,2020,4,101,
1176,5.404037946369499,2020-04-11,5023,4,2020,5,102,
1177,0.6063563125208021,2020-04-12,5023,4,2020,6,103,
1178,2.1406990690156817,2020-04-13,5023,4,2020,0,104,
1179,4.479008497204632,2020-04-14,5023,4,2020,1,105,
1180,1.2421395294368267,2020-04-15,5023,4,2020,2,106,
1181,0.26206505345180625,2020-04-16,5023,4,2020,3,107,
1182,8.758157785050571,2020-04-17,5023,4,2020,4,108,
1183,7.128221995197237,2020-04-18,5023,4,2020,5,109,
1184,11.266562888398767,2020-04-19,5023,4,2020,6,110,
1185,15.364143688697368,2020-04-20,5023,4,2020,0,111,
1186,5.702802330255508,2020-04-21,5023,4,2020,1,112,
1187,1.962500932160765,2020-04-22,5023,4,2020,2,113,
1188,1.7270555780269206,2020-04-23,5023,4,2020,3,114,
1189,0.3890236131846905,2020-04-24,5023,4,2020,4,115,
1190,2.0426799412816763,2020-04-25,5023,4,2020,5,116,
1191,0.25941792316734785,2020-04-26,5023,4,2020,6,117,
1192,0.2642660955898464,2020-04-27,5023,4,2020,0,118,
1193,0.2815385023131966,2020-04-28,5023,4,2020,1,119,
1194,5.384510713629425,2020-04-29,5023,4,2020,2,120,
1195,2.222827887162566,2020-04-30,5023,4,2020,3,121,
1196,12.762469993438572,2020-05-01,5023,5,2020,4,122,
1197,0.2596489274874329,2020-05-02,5023,5,2020,5,123,
1198,0.25984980352222914,2020-05-03,5023,5,2020,6,124,
1199,2.335320832207799,2020-05-04,5023,5,2020,0,125,
1200,0.2601302317343652,2020-05-05,5023,5,2020,1,126,
1201,0.26747629186138505,2020-05-06,5023,5,2020,2,127,
1202,10.009589082095772,2020-05-07,5023,5,2020,3,128,
1203,4.431239755824208,2020-05-08,5023,5,2020,4,129,
1204,5.77696319622919,2020-05-09,5023,5,2020,5,130,
1205,8.633692665025592,2020-05-10,5023,5,2020,6,131,
1206,5.806528442539275,2020-05-11,5023,5,2020,0,132,
1207,5.457308725453913,2020-05-12,5023,5,2020,1,133,
1208,7.09677234571427,2020-05-13,5023,5,2020,2,134,
1209,1.7791074989363551,2020-05-14,5023,5,2020,3,135,
1210,0.10481833387166255,2020-05-28,5023,5,2020,3,149,
1211,0.2600761326029897,2020-05-29,5023,5,2020,4,150,
1212,0.2599394638091326,2020-05-30,5023,5,2020,5,151,
1213,0.2602692344225943,2020-05-31,5023,5,2020,6,152,
1214,12.771557140629739,2020-06-01,5023,6,2020,0,153,
1215,19.68938445392996,2020-06-02,5023,6,2020,1,154,
1216,5.456299983896315,2020-06-03,5023,6,2020,2,155,
1217,9.348089612554759,2020-06-04,5023,6,2020,3,156,
1218,0.9164897119626404,2020-06-05,5023,6,2020,4,157,
1219,3.722535201814026,2020-06-06,5023,6,2020,5,158,
1220,6.641586969140917,2020-06-07,5023,6,2020,6,159,
1221,16.898730743210763,2020-06-08,5023,6,2020,0,160,
1222,9.006897264625877,2020-06-09,5023,6,2020,1,161,
1223,9.27531410800293,2020-06-10,5023,6,2020,2,162,
1224,4.399289356544614,2020-06-11,5023,6,2020,3,163,
1225,7.991869820281863,2020-06-12,5023,6,2020,4,164,
1226,0.26158621022477746,2020-06-13,5023,6,2020,5,165,
1227,10.878861251287162,2020-06-14,5023,6,2020,6,166,
1228,10.533039636909962,2020-06-15,5023,6,2020,0,167,
1229,4.904872741550207,2020-06-16,5023,6,2020,1,168,
1230,0.33544411510229105,2020-06-17,5023,6,2020,2,169,
1231,7.481595209334046,2020-06-18,5023,6,2020,3,170,
1232,12.083576714619994,2020-06-19,5023,6,2020,4,171,
1233,7.356199765577913,2020-06-20,5023,6,2020,5,172,
1234,12.136999870184809,2020-06-21,5023,6,2020,6,173,
1235,17.867529118899256,2020-06-22,5023,6,2020,0,174,
1236,12.319760601501912,2020-06-23,5023,6,2020,1,175,
1237,11.718747254461052,2020-06-24,5023,6,2020,2,176,
1238,35.70643754256889,2020-06-25,5023,6,2020,3,177,
1239,18.65912214992568,2020-06-26,5023,6,2020,4,178,
1240,6.7257482898421594,2020-06-27,5023,6,2020,5,179,
1241,0.2613865560851991,2020-06-28,5023,6,2020,6,180,
1242,26.4366686209105,2020-06-29,5023,6,2020,0,181,
1243,24.094287656713277,2020-06-30,5023,6,2020,1,182,
1244,15.560984667390585,2020-07-01,5023,7,2020,2,183,
1245,0.3047323473729193,2020-07-02,5023,7,2020,3,184,
1246,10.233916542027146,2020-07-03,5023,7,2020,4,185,
1247,11.802282840013504,2020-07-04,5023,7,2020,5,186,
1248,9.755377289373426,2020-07-05,5023,7,2020,6,187,
1249,19.739917422644798,2020-07-06,5023,7,2020,0,188,
1250,8.189985391683877,2020-07-17,5023,7,2020,4,199,
1251,13.55528312828392,2020-07-18,5023,7,2020,5,200,
1252,4.440590851008892,2020-07-19,5023,7,2020,6,201,
1253,20.735730671789497,2020-07-20,5023,7,2020,0,202,
1254,8.629722999874502,2020-07-21,5023,7,2020,1,203,
1255,13.793395063374192,2020-07-22,5023,7,2020,2,204,
1256,13.95697764493525,2020-07-23,5023,7,2020,3,205,
1257,22.69754754472524,2020-07-24,5023,7,2020,4,206,
1258,0.28911474207416177,2020-07-25,5023,7,2020,5,207,
1259,11.636753708589824,2020-07-26,5023,7,2020,6,208,
1260,2.277693568263203,2020-07-27,5023,7,2020,0,209,
1261,3.915403905324638,2020-07-28,5023,7,2020,1,210,
1262,22.94221242750064,2020-07-29,5023,7,2020,2,211,
1263,12.721501331776379,2020-07-30,5023,7,2020,3,212,
1264,18.536444478668272,2020-07-31,5023,7,2020,4,213,
1265,12.86682581435889,2020-08-01,5023,8,2020,5,214,
1266,9.09359784098342,2020-08-02,5023,8,2020,6,215,
1267,16.000175666064024,2020-08-03,5023,8,2020,0,216,
1268,24.317830365151163,2020-08-04,5023,8,2020,1,217,
1269,14.15817871503532,2020-08-05,5023,8,2020,2,218,
1270,16.590376308653504,2020-08-06,5023,8,2020,3,219,
1271,24.997526185121384,2020-08-07,5023,8,2020,4,220,
1272,13.012897111009808,2020-08-08,5023,8,2020,5,221,
1273,21.289387692231685,2020-08-09,5023,8,2020,6,222,
1274,20.342950616031885,2020-08-10,5023,8,2020,0,223,
1275,17.90741702215746,2020-08-11,5023,8,2020,1,224,
1276,9.883496151771396,2020-08-12,5023,8,2020,2,225,
1277,16.437213577330112,2020-08-13,5023,8,2020,3,226,
1278,14.444576036650687,2020-08-14,5023,8,2020,4,227,
1279,0.2599011706188321,2020-08-15,5023,8,2020,5,228,
1280,3.240427980199456,2020-08-16,5023,8,2020,6,229,
1281,0.2624769839458167,2020-08-17,5023,8,2020,0,230,
1282,2.9062322415411472,2020-08-18,5023,8,2020,1,231,
1283,12.336041218601167,2020-08-19,5023,8,2020,2,232,
1284,12.182836641091855,2020-08-20,5023,8,2020,3,233,
1285,23.98176687816158,2020-08-21,5023,8,2020,4,234,
1286,7.7071387339383355,2020-08-24,5023,8,2020,0,237,
1287,8.400691370479763,2020-08-25,5023,8,2020,1,238,
1288,0.30324918357655406,2020-08-26,5023,8,2020,2,239,
1289,7.542246569413692,2020-08-27,5023,8,2020,3,240,
1290,17.772028386127204,2020-08-28,5023,8,2020,4,241,
1291,2.4353269087150693,2020-08-29,5023,8,2020,5,242,
1292,62.194438008591526,2020-08-30,5023,8,2020,6,243,
1293,13.752066863235084,2020-09-01,5023,9,2020,1,245,
1294,5.407070739194752,2020-09-02,5023,9,2020,2,246,
1295,19.412360321730375,2020-09-03,5023,9,2020,3,247,
1296,8.93414687924087,2020-09-04,5023,9,2020,4,248,
1297,3.2688663322478533,2020-09-05,5023,9,2020,5,249,
1298,24.457460838370025,2020-09-06,5023,9,2020,6,250,
1299,4.317074182908982,2020-09-07,5023,9,2020,0,251,
1300,19.88869259506464,2020-09-08,5023,9,2020,1,252,
1301,20.888645640574396,2020-09-09,5023,9,2020,2,253,
1302,10.71498106000945,2020-09-10,5023,9,2020,3,254,
1303,0.7316047153435647,2020-09-11,5023,9,2020,4,255,
1304,0.25576229253783817,2020-09-12,5023,9,2020,5,256,
1305,0.5402150014415383,2020-09-13,5023,9,2020,6,257,
1306,15.597926201298833,2020-09-14,5023,9,2020,0,258,
1307,13.120264619588854,2020-09-15,5023,9,2020,1,259,
1308,1.2023034705780447,2020-09-16,5023,9,2020,2,260,
1309,1.4940610211342573,2020-09-17,5023,9,2020,3,261,
1310,26.34937952179462,2020-09-18,5023,9,2020,4,262,
1311,4.846408995334059,2020-09-19,5023,9,2020,5,263,
1312,7.6123007708229125,2020-09-20,5023,9,2020,6,264,
1313,14.041240824852139,2020-09-21,5023,9,2020,0,265,
1314,8.668657654896379,2020-09-22,5023,9,2020,1,266,
1315,12.026823995169252,2020-09-23,5023,9,2020,2,267,
1316,14.837722344789654,2020-09-24,5023,9,2020,3,268,
1317,24.08633454144001,2020-09-25,5023,9,2020,4,269,
1318,12.985467718914151,2020-09-26,5023,9,2020,5,270,
1319,17.035763423889875,2020-09-27,5023,9,2020,6,271,
1320,10.461754241026938,2020-09-28,5023,9,2020,0,272,
1321,8.013354694470763,2020-09-29,5023,9,2020,1,273,
1322,15.989416207186878,2020-09-30,5023,9,2020,2,274,
1323,22.738598789088428,2020-10-01,5023,10,2020,3,275,
1324,0.08399866893887516,2020-10-02,5023,10,2020,4,276,
1325,0.09929752210155124,2020-10-13,5023,10,2020,1,287,
1326,0.25520835397765035,2020-10-14,5023,10,2020,2,288,
1327,0.25569694489240646,2020-10-15,5023,10,2020,3,289,
1328,17.637949406169355,2020-10-16,5023,10,2020,4,290,
1329,5.829322444740684,2020-10-17,5023,10,2020,5,291,
1330,15.69922131113708,2020-10-18,5023,10,2020,6,292,
1331,7.115355533082038,2020-10-19,5023,10,2020,0,293,
1332,4.676373400259763,2020-10-20,5023,10,2020,1,294,
1333,9.455901010893285,2020-10-21,5023,10,2020,2,295,
1334,18.578702375292778,2020-10-22,5023,10,2020,3,296,
1335,7.322695673443377,2020-10-23,5023,10,2020,4,297,
1336,2.957189551088959,2020-10-24,5023,10,2020,5,298,
1337,22.619232252240177,2020-10-25,5023,10,2020,6,299,
1338,7.1270849839784205,2020-10-26,5023,10,2020,0,300,
1339,0.6801324896514416,2020-10-27,5023,10,2020,1,301,
1340,2.3024508343078196,2020-10-28,5023,10,2020,2,302,
1341,17.05506983399391,2020-10-29,5023,10,2020,3,303,
1342,7.853675561025739,2020-10-30,5023,10,2020,4,304,
1343,7.031122176907956,2020-10-31,5023,10,2020,5,305,
1344,7.973367497790605,2020-11-01,5023,11,2020,6,306,
1345,1.5862278454005718,2020-11-02,5023,11,2020,0,307,
1346,8.434000233188272,2020-11-03,5023,11,2020,1,308,
1347,8.137340241111815,2020-11-04,5023,11,2020,2,309,
1348,12.406778933946045,2020-11-05,5023,11,2020,3,310,
1349,18.287289621774107,2020-11-06,5023,11,2020,4,311,
1350,3.239278286229819,2020-11-07,5023,11,2020,5,312,
1351,17.04566331906244,2020-11-08,5023,11,2020,6,313,
1352,0.30371576361358166,2020-11-09,5023,11,2020,0,314,
1353,2.1982448112685233,2020-11-10,5023,11,2020,1,315,
1354,3.3053219616413116,2020-11-11,5023,11,2020,2,316,
1355,0.9682348328642548,2020-11-12,5023,11,2020,3,317,
1356,4.5791599322110415,2020-11-13,5023,11,2020,4,318,
1357,0.9578280970454216,2020-11-14,5023,11,2020,5,319,
1358,3.6016599615104496,2020-11-15,5023,11,2020,6,320,
1359,4.6040710299275815,2020-11-16,5023,11,2020,0,321,
1360,2.781813131645322,2020-11-17,5023,11,2020,1,322,
1361,23.203834774903953,2020-11-18,5023,11,2020,2,323,
1362,14.884988675825296,2020-11-19,5023,11,2020,3,324,
1363,8.414510512724519,2020-11-20,5023,11,2020,4,325,
1364,0.3064935044385493,2020-11-21,5023,11,2020,5,326,
1365,11.392389679327607,2020-11-22,5023,11,2020,6,327,
1366,1.518844133708626,2020-11-23,5023,11,2020,0,328,
1367,9.37597446097061,2020-11-24,5023,11,2020,1,329,
1368,13.192281841300428,2020-11-25,5023,11,2020,2,330,
1369,8.062393821775913,2020-11-26,5023,11,2020,3,331,
1370,8.49652379564941,2020-11-27,5023,11,2020,4,332,
1371,4.3307023025117815,2020-11-28,5023,11,2020,5,333,
1372,13.815410094335677,2020-11-29,5023,11,2020,6,334,
1373,15.713289852254093,2020-11-30,5023,11,2020,0,335,
1374,8.483104879967868,2020-12-01,5023,12,2020,1,336,
1375,6.826627708505839,2020-12-02,5023,12,2020,2,337,
1376,0.11920064361765981,2020-12-03,5023,12,2020,3,338,
1377,0.0101964501664042,2020-12-14,5023,12,2020,0,349,
1378,4.690627083182335,2020-12-15,5023,12,2020,1,350,
1379,0.4281682469882071,2020-12-16,5023,12,2020,2,351,
1380,0.44455083645880217,2020-12-17,5023,12,2020,3,352,
1381,1.0522668343037367,2020-12-18,5023,12,2020,4,353,
1382,1.5256592612713575,2020-12-19,5023,12,2020,5,354,
1383,8.117434451822191,2020-12-20,5023,12,2020,6,355,
1384,15.199420446064323,2020-12-21,5023,12,2020,0,356,
1385,7.919272215571254,2020-12-22,5023,12,2020,1,357,
1386,9.500520877540112,2020-12-23,5023,12,2020,2,358,
1387,1.9480466530658302,2020-12-24,5023,12,2020,3,359,
1388,9.140470655169338,2020-12-25,5023,12,2020,4,360,
1389,10.368138073477894,2020-12-26,5023,12,2020,5,361,
1390,5.294212302193046,2020-12-27,5023,12,2020,6,362,
1391,10.165876428131014,2020-12-28,5023,12,2020,0,363,
1392,3.741646437905729,2020-12-29,5023,12,2020,1,364,
1393,6.353146642912179,2020-12-30,5023,12,2020,2,365,
1394,3.2408282742835586,2020-12-31,5023,12,2020,3,366,
1395,12.739257784560323,2021-01-01,5023,1,2021,4,1,
1396,16.885887742508203,2021-01-02,5023,1,2021,5,2,
1397,17.133510909974575,2021-01-03,5023,1,2021,6,3,
1398,4.770166085101664,2021-01-04,5023,1,2021,0,4,
1399,5.292613167781383,2021-01-05,5023,1,2021,1,5,
1400,3.5743377916514874,2021-01-06,5023,1,2021,2,6,
1401,0.3877077256329357,2021-01-07,5023,1,2021,3,7,
1402,5.742919250857085,2021-01-08,5023,1,2021,4,8,
1403,1.9009515461511912,2021-01-09,5023,1,2021,5,9,
1404,2.3280451549217105,2021-01-10,5023,1,2021,6,10,
1405,8.342639327514917,2021-01-11,5023,1,2021,0,11,
1406,9.62131161428988,2019-10-10,5094,10,2019,3,283,
1407,11.878313443623483,2019-10-11,5094,10,2019,4,284,
1408,0.4339368427172303,2019-10-12,5094,10,2019,5,285,
1409,4.434479794465005,2019-10-13,5094,10,2019,6,286,
1410,30.427011457271878,2019-10-14,5094,10,2019,0,287,
1411,15.36157184932381,2019-10-15,5094,10,2019,1,288,
1412,8.31993736512959,2019-10-16,5094,10,2019,2,289,
1413,18.858421438373625,2019-10-17,5094,10,2019,3,290,
1414,24.15651375986636,2019-10-18,5094,10,2019,4,291,
1415,2.658308484591544,2019-10-19,5094,10,2019,5,292,
1416,3.930173659697175,2019-10-20,5094,10,2019,6,293,
1417,6.427927582524717,2019-10-21,5094,10,2019,0,294,
1418,17.470827710814774,2019-10-22,5094,10,2019,1,295,
1419,9.272276726551354,2019-10-23,5094,10,2019,2,296,
1420,26.618666792288423,2019-10-24,5094,10,2019,3,297,
1421,11.925868923775852,2019-10-25,5094,10,2019,4,298,
1422,7.687642959877849,2019-10-28,5094,10,2019,0,301,
1423,0.4277239525690675,2019-10-29,5094,10,2019,1,302,
1424,4.493410389870405,2019-10-30,5094,10,2019,2,303,
1425,6.513131531886756,2019-10-31,5094,10,2019,3,304,
1426,16.43281619437039,2019-11-01,5094,11,2019,4,305,
1427,2.5848231269046664,2019-11-02,5094,11,2019,5,306,
1428,13.945064725354314,2019-11-03,5094,11,2019,6,307,
1429,17.102556676603854,2019-11-04,5094,11,2019,0,308,
1430,3.6906720399856567,2019-11-05,5094,11,2019,1,309,
1431,2.35504889767617,2019-11-06,5094,11,2019,2,310,
1432,2.345754761248827,2019-11-07,5094,11,2019,3,311,
1433,2.098216511309147,2019-11-08,5094,11,2019,4,312,
1434,1.3432221869006753,2019-11-09,5094,11,2019,5,313,
1435,13.911176367662849,2019-11-10,5094,11,2019,6,314,
1436,7.513940719887614,2019-11-11,5094,11,2019,0,315,
1437,5.519458780065179,2019-11-12,5094,11,2019,1,316,
1438,5.476005919277668,2019-11-13,5094,11,2019,2,317,
1439,9.712059248238802,2019-11-14,5094,11,2019,3,318,
1440,25.384653323329985,2019-11-15,5094,11,2019,4,319,
1441,2.412130314856768,2019-11-16,5094,11,2019,5,320,
1442,7.683334009721875,2019-11-17,5094,11,2019,6,321,
1443,35.30182025395334,2019-11-18,5094,11,2019,0,322,
1444,19.552870025858283,2019-11-19,5094,11,2019,1,323,
1445,6.849857556633651,2019-11-20,5094,11,2019,2,324,
1446,5.544884051196277,2019-11-21,5094,11,2019,3,325,
1447,22.93427323270589,2019-11-22,5094,11,2019,4,326,
1448,9.052092231810091,2019-11-23,5094,11,2019,5,327,
1449,24.60549821984023,2019-11-24,5094,11,2019,6,328,
1450,12.245016391389072,2019-11-25,5094,11,2019,0,329,
1451,9.768124960362911,2019-11-29,5094,11,2019,4,333,
1452,17.183433536440134,2019-11-30,5094,11,2019,5,334,
1453,21.16764980740845,2019-12-01,5094,12,2019,6,335,
1454,19.35105913504958,2019-12-02,5094,12,2019,0,336,
1455,10.320482126437128,2019-12-03,5094,12,2019,1,337,
1456,17.26171838119626,2019-12-04,5094,12,2019,2,338,
1457,14.192621449939908,2019-12-05,5094,12,2019,3,339,
1458,21.168177554383877,2019-12-06,5094,12,2019,4,340,
1459,22.810774290934205,2019-12-07,5094,12,2019,5,341,
1460,41.73249626159668,2019-12-08,5094,12,2019,6,342,
1461,29.18066251371056,2019-12-09,5094,12,2019,0,343,
1462,30.730150471441448,2019-12-10,5094,12,2019,1,344,
1463,18.073688599281013,2019-12-11,5094,12,2019,2,345,
1464,0.3310997067019343,2019-12-12,5094,12,2019,3,346,
1465,17.36194279510528,2019-12-13,5094,12,2019,4,347,
1466,24.02929899469018,2019-12-14,5094,12,2019,5,348,
1467,3.9579989900812502,2019-12-15,5094,12,2019,6,349,
1468,0.8281704429537058,2019-12-16,5094,12,2019,0,350,
1469,0.1911413734778762,2019-12-17,5094,12,2019,1,351,
1470,7.106658794917166,2019-12-18,5094,12,2019,2,352,
1471,3.614564581774175,2019-12-19,5094,12,2019,3,353,
1472,10.464425110258162,2019-12-20,5094,12,2019,4,354,
1473,4.756719916127622,2019-12-21,5094,12,2019,5,355,
1474,21.775343976914883,2019-12-22,5094,12,2019,6,356,
1475,9.839184782467782,2019-12-23,5094,12,2019,0,357,
1476,0.0377649059519171,2019-12-24,5094,12,2019,1,358,
1477,15.498180012218654,2019-12-26,5094,12,2019,3,360,
1478,10.887357093393804,2019-12-27,5094,12,2019,4,361,
1479,9.507337676361203,2019-12-28,5094,12,2019,5,362,
1480,23.54515482950956,2019-12-29,5094,12,2019,6,363,
1481,23.95227195415646,2019-12-30,5094,12,2019,0,364,
1482,18.1792422933504,2019-12-31,5094,12,2019,1,365,
1483,5.632092657499015,2020-01-01,5094,1,2020,2,1,
1484,3.617507782764733,2020-01-02,5094,1,2020,3,2,
1485,1.5188498329371214,2020-01-03,5094,1,2020,4,3,
1486,8.49687160924077,2020-01-04,5094,1,2020,5,4,
1487,0.3934736335650086,2020-01-05,5094,1,2020,6,5,
1488,5.431933492422104,2020-01-06,5094,1,2020,0,6,
1489,15.637803211808205,2020-01-07,5094,1,2020,1,7,
1490,0.4474484184756875,2020-01-08,5094,1,2020,2,8,
1491,14.766798064112663,2020-01-09,5094,1,2020,3,9,
1492,6.1611652597785,2020-01-10,5094,1,2020,4,10,
1493,6.428523034788668,2020-01-11,5094,1,2020,5,11,
1494,10.971329473890364,2020-01-12,5094,1,2020,6,12,
1495,6.034631024114788,2020-01-13,5094,1,2020,0,13,
1496,13.588125583715737,2020-01-14,5094,1,2020,1,14,
1497,5.612965673208237,2020-01-15,5094,1,2020,2,15,
1498,17.597563312388957,2020-01-16,5094,1,2020,3,16,
1499,0.7443714095279574,2020-01-17,5094,1,2020,4,17,
1500,13.87475023791194,2020-01-18,5094,1,2020,5,18,
1501,14.828393198549747,2020-01-19,5094,1,2020,6,19,
1502,22.631817997433245,2020-01-20,5094,1,2020,0,20,
1503,0.1831826344132423,2020-01-21,5094,1,2020,1,21,
1504,0.0761008383706212,2020-01-24,5094,1,2020,4,24,
1505,0.0004959776997566,2020-01-27,5094,1,2020,0,27,
1506,0.038991006091237,2020-02-17,5094,2,2020,0,48,
1507,3.977984664030373,2020-02-18,5094,2,2020,1,49,
1508,0.002945183776319,2020-04-10,5094,4,2020,4,101,
1509,3.604218363761902e-05,2020-07-02,5094,7,2020,3,184,
1510,0.1130499830469489,2020-08-12,5094,8,2020,2,225,
1511,0.0010940330103039,2020-09-16,5094,9,2020,2,260,
1512,0.0004821270704269,2020-10-22,5094,10,2020,3,296,
1513,0.0819154670462012,2020-10-27,5094,10,2020,1,301,
1514,0.0028296876698732,2020-10-30,5094,10,2020,4,304,
1515,0.5331191495060921,2020-11-10,5094,11,2020,1,315,
1516,0.406186830252409,2020-11-11,5094,11,2020,2,316,
1517,0.5366726825013757,2020-11-12,5094,11,2020,3,317,
1518,5.951251865364611,2020-11-13,5094,11,2020,4,318,
1519,1.2243782952427864,2020-11-14,5094,11,2020,5,319,
1520,7.6014674892649055,2020-11-15,5094,11,2020,6,320,
1521,0.9582174504175782,2020-11-16,5094,11,2020,0,321,
1522,5.723994070664048,2020-11-17,5094,11,2020,1,322,
1523,15.056848684325814,2020-11-18,5094,11,2020,2,323,
1524,5.760545222088695,2020-11-19,5094,11,2020,3,324,
1525,28.01132178679109,2020-11-20,5094,11,2020,4,325,
1526,3.691448139026761,2020-11-21,5094,11,2020,5,326,
1527,2.904929747805,2020-11-23,5094,11,2020,0,328,
1528,12.57584321964532,2020-11-24,5094,11,2020,1,329,
1529,14.837867653928695,2020-11-25,5094,11,2020,2,330,
1530,8.558549743145704,2020-11-26,5094,11,2020,3,331,
1531,24.16234236676246,2020-11-27,5094,11,2020,4,332,
1532,14.556002097204328,2020-11-28,5094,11,2020,5,333,
1533,10.774045685306191,2020-11-29,5094,11,2020,6,334,
1534,14.008015479892492,2020-11-30,5094,11,2020,0,335,
1535,4.600460146553814,2020-12-01,5094,12,2020,1,336,
1536,21.19797316659242,2020-12-02,5094,12,2020,2,337,
1537,0.1004015505313873,2020-12-03,5094,12,2020,3,338,
1538,0.1545957997441291,2020-12-14,5094,12,2020,0,349,
1539,7.194642237387598,2020-12-15,5094,12,2020,1,350,
1540,4.478536010719836,2020-12-16,5094,12,2020,2,351,
1541,2.1805151598528028,2020-12-17,5094,12,2020,3,352,
1542,3.067325094714761,2020-12-18,5094,12,2020,4,353,
1543,2.112830555997789,2020-12-19,5094,12,2020,5,354,
1544,4.956425658427179,2020-12-20,5094,12,2020,6,355,
1545,13.149065444245934,2020-12-21,5094,12,2020,0,356,
1546,31.520087241195142,2020-12-22,5094,12,2020,1,357,
1547,3.029980083927512,2020-12-23,5094,12,2020,2,358,
1548,1.0991208143532276,2020-12-24,5094,12,2020,3,359,
1549,13.513332680799069,2020-12-25,5094,12,2020,4,360,
1550,18.720770485699177,2020-12-26,5094,12,2020,5,361,
1551,15.80260446574539,2020-12-27,5094,12,2020,6,362,
1552,2.750733275897801,2020-12-28,5094,12,2020,0,363,
1553,0.5144436163827777,2020-12-29,5094,12,2020,1,364,
1554,1.475738418288529,2020-12-30,5094,12,2020,2,365,
1555,2.933578329160809,2020-12-31,5094,12,2020,3,366,
1556,6.724367470480502,2021-01-01,5094,1,2021,4,1,
1557,6.087228435091674,2021-01-02,5094,1,2021,5,2,
1558,3.0667785657569766,2021-01-03,5094,1,2021,6,3,
1559,3.538786510936916,2021-01-04,5094,1,2021,0,4,
1560,0.4821785660460591,2021-01-05,5094,1,2021,1,5,
1561,0.4200318120419979,2021-01-06,5094,1,2021,2,6,
1562,0.3361764922738075,2021-01-07,5094,1,2021,3,7,
1563,0.2614611973986029,2021-01-08,5094,1,2021,4,8,
1564,0.6659365091472864,2021-01-09,5094,1,2021,5,9,
1565,0.6726426994428039,2021-01-10,5094,1,2021,6,10,
1566,1.1173659078776836,2021-01-11,5094,1,2021,0,11,
0,,2021-01-12,2011,1,2021,1,12,-1.068359375
1,,2021-01-13,2011,1,2021,2,13,9.8828125
2,,2021-01-14,2011,1,2021,3,14,-0.587890625
3,,2021-01-15,2011,1,2021,4,15,-0.048828125
4,,2021-01-16,2011,1,2021,5,16,-2.275390625
5,,2021-01-17,2011,1,2021,6,17,4.013671875
6,,2021-01-18,2011,1,2021,0,18,-2.166015625
7,,2021-01-19,2011,1,2021,1,19,-1.552734375
0,,2021-01-12,5012,1,2021,1,12,6.4548230969905855
1,,2021-01-13,5012,1,2021,2,13,9.525096020838246
2,,2021-01-14,5012,1,2021,3,14,6.244723838567734
3,,2021-01-15,5012,1,2021,4,15,8.921103420332074
4,,2021-01-16,5012,1,2021,5,16,12.365793710127473
5,,2021-01-17,5012,1,2021,6,17,12.09499539623037
6,,2021-01-18,5012,1,2021,0,18,20.93362284823321
7,,2021-01-19,5012,1,2021,1,19,22.106547408197073
0,,2021-01-12,5014,1,2021,1,12,5.796976613102886
1,,2021-01-13,5014,1,2021,2,13,6.528816607954539
2,,2021-01-14,5014,1,2021,3,14,6.804726724309407
3,,2021-01-15,5014,1,2021,4,15,6.680941458873855
4,,2021-01-16,5014,1,2021,5,16,5.516120829967548
5,,2021-01-17,5014,1,2021,6,17,7.386505297103649
6,,2021-01-18,5014,1,2021,0,18,4.765388864943668
7,,2021-01-19,5014,1,2021,1,19,5.840623678954731
0,,2021-01-12,5023,1,2021,1,12,5.7690934664011
1,,2021-01-13,5023,1,2021,2,13,6.295039886236191
2,,2021-01-14,5023,1,2021,3,14,7.141974312067032
3,,2021-01-15,5023,1,2021,4,15,5.554262558519841
4,,2021-01-16,5023,1,2021,5,16,6.3090624010562895
5,,2021-01-17,5023,1,2021,6,17,7.328009931743145
6,,2021-01-18,5023,1,2021,0,18,11.922796399593354
7,,2021-01-19,5023,1,2021,1,19,8.104733953177929
0,,2021-01-12,5094,1,2021,1,12,5.653929421216358
1,,2021-01-13,5094,1,2021,2,13,7.828583520605003
2,,2021-01-14,5094,1,2021,3,14,7.688800960506489
3,,2021-01-15,5094,1,2021,4,15,8.935268834047722
4,,2021-01-16,5094,1,2021,5,16,8.553653861363367
5,,2021-01-17,5094,1,2021,6,17,10.35518916678109
6,,2021-01-18,5094,1,2021,0,18,9.527223400771625
7,,2021-01-19,5094,1,2021,1,19,6.422256615088839
