date,Base/KPN,Base/KPN BE,E-Plus,H3G,T-mobile/Telekom,T-mobile/Telekom DE,TDC Denmark,TDC Denmark DK,Tele2 Sverige AB,Telenor (Vodafone),Telenor/Sonofon,Telenor/Sonofon DK,Telia,Telia DK,Telia Mobile SE,Vodafone D2,Vodafone D2 DE
2019-02-27,,,,,,,0.05481720777849353,,,,,,,,,,
2019-02-28,,,,,,,11.7666427930817,,,,0.47764001367613673,,,,,,
2019-03-01,,,,,,,12.94083978018413,,,,0.6345869074575603,,,,,,
2019-03-02,,,,,,,8.98436966134856,,,,1.4694251837208867,,,,,,
2019-03-03,,,,,,,11.034731570631266,,,,0.8341216640546918,,,,,,
2019-03-04,,,,,,,6.594994073112805,,,,0.28860160941258073,,,,,,
2019-03-05,,,,,,,6.18294779335459,,,,0.1752189300023019,,,,,,
2019-03-06,,,,,,,8.049786778787771,,,,1.0222925278358161,,,,,,
2019-03-07,,,,,,,12.156774502558013,,,,0.9091379982419312,,,,,,
2019-03-08,,,,,,,12.291525923957428,,,,0.6760854041203856,,,,,,
2019-03-09,,,,,,,16.510364601388574,,,,0.37359615694731474,,,,,,
2019-03-10,,,,,,,17.00180598596732,,,,0.43753924360498786,,,,,,
2019-03-11,,,,,,,11.016930311918259,,,,0.3131067738868296,,,,,,
2019-03-12,,,,,,,14.713026074071726,,,,1.059947609435767,,,,,,
2019-03-13,,,,,,,10.995067939783135,,,,0.6336458744481206,,,,,,
2019-03-14,,,,,,,17.578865111184616,,,,2.0649722083471715,,,,,,
2019-03-15,,,,,,,16.081941061032314,,,,0.6261024088598788,,,,,,
2019-03-16,,,,,,,5.827689782716334,,,,0.09174219099804755,,,,,,
2019-03-17,,,,,,,12.218254294712096,,,,0.5336650051176548,,,,,,
2019-03-18,,,,,,,4.992956404175077,,,,0.31654579304158686,,,,,,
2019-03-19,,,,,,,3.5613550140655468,,,,0.2272748265725871,,,,,,
2019-03-20,,,,,,,6.765365390240082,,,,0.387206159842511,,,,,,
2019-03-21,,,,,,,5.236351580891226,,,,0.9302002422045916,,,,,,
2019-03-22,,,,,,,10.09414626551526,,,,0.5454626539722085,,,,,,
2019-03-23,,,,,,,9.981712759073291,,,,0.7588787733887633,,,,,,
2019-03-24,,,,,,,10.884332775271362,,,,0.8487057369202375,,,,,,
2019-03-25,,,,,,,6.914453539864293,,,,0.3162694852799177,,,,,,
2019-03-26,,,,,,,6.288045509053128,,,,0.20802597173800072,,,,,,
2019-03-27,,,,,,,8.072864145306605,,,,0.27618959941901267,,,,,,
2019-03-28,,,,,,,5.126825185182194,,,,0.5005060474698743,,,,,,
2019-03-29,,,,,,,8.444919650708991,,,,0.3132776211326321,,,,,,
2019-03-30,,,,,,,5.5973423247092535,,,,0.3521096231415868,,,,,,
2019-03-31,,,,,,,15.273686796426773,,,,0.7642248722258955,,,,,,
2019-04-01,,,,,,,1.8324809136101976,,,,0.00388867361471055,,,,,,
2019-04-02,,,,,,,4.813497533245633,,,,0.3419471855740994,,,,,,
2019-04-03,,,,,,,6.754643262674411,,,,0.46417711302638054,,,,,,
2019-04-04,,,,,,,4.807385751511902,,,,0.8533117792879542,,,,,,
2019-04-05,,,,,,,9.391139026110372,,,,0.7626046757213771,,,,,,
2019-04-06,,,,,,,3.5963325591757895,,,,0.4568182397633791,,,,,,
2019-04-07,,,,,,,7.6758235331624745,,,,0.6553011359646916,,,,,,
2019-04-08,,,,,,,4.057957820678976,,,,0.35000057909637683,,,,,,
2019-04-09,,,,,,,6.292151373218406,,,,0.5100531403440982,,,,,,
2019-04-10,,,,,,,6.381170488470658,,,,0.539159631356597,,,,,,
2019-04-11,,,,,,,9.313723678980022,,,,0.4384655812755227,,,,,,
2019-04-12,,,,,,,7.488432210093985,,,,0.44109537191689013,,,,,,
2019-04-13,,,,,,,3.1154288578157625,,,,0.23100340785458684,,,,,,
2019-04-14,,,,,,,5.91633967248102,,,,0.6095034470781684,,,,,,
2019-04-15,,,,,,,6.558468961234515,,,,0.8726980274077505,,,,,,
2019-04-16,,,,,,,7.347506116842851,,,,0.5105171132832765,,,,,,
2019-04-17,,,,,,,7.245017332311433,,,,0.5374229792505503,,,,,,
2019-04-18,,,,,,,3.915517409976858,,,,0.0,,,,,,
2019-04-19,,,,,,,4.117810096949912,,,,0.0,,,,,,
2019-04-20,,,,,,,6.460548382109175,,,,,,,,,,
2019-04-21,,,,,,,2.738395114859136,,,,,,,,,,
2019-04-22,,,,,,,5.423570476257457,,,,,,,,,,
2019-04-23,,,,,,,8.166090819339912,,,,0.44064074552928406,,,,,,
2019-04-24,,,,,,,3.5664390175818252,,,,0.09648876124992965,,,,,,
2019-04-25,,,,,,,4.608186219552798,,,,0.02647251480569438,,,,,,
2019-04-26,,,,,,,3.3713431615116343,,,,0.12275884630666535,,,,,,
2019-04-27,,,,,,,2.5423892207730274,,,,0.0757934058617268,,,,,,
2019-04-28,,,,,,,3.414754446595907,,,,0.06893686112016437,,,,,,
2019-04-29,,,,,,,7.155524821235583,,,,0.17402899730950594,,,,,,
2019-04-30,,,,,,,8.558707529545895,,,,0.2755864075281554,,,,,,
2019-05-01,,,,,,,7.8405712708209965,,,,0.19000823516398668,,,,,,
2019-05-02,,,,,,,5.614292187397094,,,,0.36286142412573097,,,,,,
2019-05-03,,,,,,,7.8411270160337585,,,,0.2264711743220687,,,,,,
2019-05-04,,,,,,,2.8517699167680215,,,,0.07787833679467437,,,,,,
2019-05-05,,,,,,,6.826565518975258,,,,0.1606570337233799,,,,,,
2019-05-06,,,,,,,4.644800710905757,,,,0.25112823130828993,,,,,,
2019-05-07,,,,,,,4.7540501827994985,,,,0.2454949613660574,,,,,,
2019-05-08,,,,,,,3.886123476177454,,,,0.15094865889598927,,,,,,
2019-05-09,,,,,,,6.328546242089942,,,,0.098624165702079,,,,,,
2019-05-10,,,,,,,8.400942061748356,,,,0.28122937702573836,,,,,,
2019-05-11,,,,,,,4.55957194045186,,,,0.17702805230187044,,,,,,
2019-05-12,,,,,,,5.953951621055603,,,,0.1852191571767131,,,,,,
2019-05-13,,,,,,,5.8737797815437345,,,,0.15306391026824712,,,,,,
2019-05-14,,,,,,,3.3487748354285336,,,,0.032391734886914485,,,,,,
2019-05-15,,,,,,,2.6644666243631105,,,,0.10016222138489994,,,,,,
2019-05-16,,,,,,,3.2833947955665215,,,,0.11430789098482239,,,,,,
2019-05-17,,,,,,,2.4238058994882383,,,,0.10957832106699544,,,,,,
2019-05-18,,,,,,,2.2072591830044983,,,,0.090810899090554,,,,,,
2019-05-19,,,,,,,3.169785374488968,,,,0.1019305518828332,,,,,,
2019-05-20,,,,,,,3.7332713741164367,,,,0.09404808096587654,,,,,,
2019-05-21,,,,,,,2.8038366609080523,,,,0.08679504191968589,,,,,,
2019-05-22,,,,,,,4.402662331737312,,,,0.17500114316741625,,,,,,
2019-05-23,,,,,,,8.757927533496042,,,,0.16030934206875308,,,,,,
2019-05-24,,,,,,,12.045311637843648,,,,0.3753251824527979,,,,,,
2019-05-25,,,,,,,6.177633138994376,,,,0.20842975107952952,,,,,,
2019-05-26,,,,,,,9.584890554866028,,,,0.4310214301063256,,,,,,
2019-05-27,,,,,,,10.474266285663125,,,,0.2974369412404485,,,,,,
2019-05-28,,,,,,,6.21488782937328,,,,0.1362859468208626,,,,,,
2019-05-29,,,,,,,5.845229992000707,,,,0.1613530308770185,,,,,,
2019-05-30,,,,,,,8.221089704479608,,,,0.40885049580699867,,,,,,
2019-05-31,,,,,,,11.602810646632108,,,,0.29698642692528665,,,,,,
2019-06-01,,,,,,,6.575229923915247,,,,0.24224373593460766,,,,,,
2019-06-02,,,,,,,7.145949007291347,,0.0097763026133179,0.0056485999375581,0.4137197592295706,,,,,,
2019-06-03,,,,,,,8.60189597477438,,,,0.4682678173412569,,,,,,
2019-06-04,,,,,,,8.858882438955884,,,,0.5796845647855662,,,,,,
2019-06-05,,,,,,,7.367947549051181,,,,0.2623943798734169,,,,,,
2019-06-06,,,,,,,11.657359930846308,,,,0.4288219948682715,,,,,,
2019-06-07,,,,,,,6.443417441918317,,,,0.2576426747920258,,,,,,
2019-06-08,,,,,,,5.7717350158896865,,,,0.33684368850663304,,,,,,
2019-06-09,,,,,,,4.654842653283567,,,,0.1684561657408873,,,,,,
2019-06-10,,,,,,,5.43421235846472,,,,0.20625073010368006,,,,,,
2019-06-11,,,,,,,5.201392444562824,,,,0.2262542663956992,,,,,,
2019-06-12,,,,,,,4.206536610403822,,,,0.17860731266831095,,,,,,
2019-06-13,,,,,,,4.522109783883207,,,,0.22384028448723253,,,,,,
2019-06-14,,,,,,,10.466994014227899,,,,0.43641955543447425,,,,,,
2019-06-15,,,,,,,6.429062299546786,,,,0.4487291826425414,,,,,,
2019-06-16,,,,,,,10.803214393030757,,,,0.6870854582548851,,,,,,
2019-06-17,,,,,,,11.376258888974403,,,,0.49194925382303506,,,,,,
2019-06-18,,,,,,,8.776674688490498,,,,0.4925225809975355,,,,,,
2019-06-19,,,,,,,9.8279884936161,,,,0.4613355483721804,,,,,,
2019-06-20,,,,,,,9.397456114434384,,,,0.4651327212673745,,,,,,
2019-06-21,,,,,,,12.100484630113675,,,,0.5814854950070955,,,,,,
2019-06-22,,,,,,,12.07477437637069,,,,0.6652187502089267,,,,,,
2019-06-23,,,,,,,12.600475709340195,,,,0.7890520225363699,,,,,,
2019-06-24,,,,,,,15.381094256183133,,,,2.175223688659226,,,,,,
2019-06-25,,,,,,,12.38246151276541,,,,36.15315247224644,,,,,,
2019-06-26,,,,,,,10.491641301390095,,,,0.4556023892240994,,,,,,
2019-06-27,,,,,,,9.919129718551595,,,,2.8163794245467417,,,,,,
2019-06-28,,,,,,,12.268271700795388,,,0.0119868675246834,0.5562355682028063,,,,,,
2019-06-29,,,,,,,9.551946653965084,,0.0099062416702508,0.0073227183893322,1.0025634838487296,,,,,,
2019-06-30,,,,,,,9.563506111716075,,0.0,,1.0349100086543905,,,,,,
2019-07-01,,,,,,,9.31263599557802,,,,0.552423669533296,,,,,,
2019-07-02,,,,,,,6.611479606048238,,,,0.4049298771424219,,,,,,
2019-07-03,,,,,,,8.52376362843947,,,,0.44761972571723163,,,,,,
2019-07-04,,,,,,,9.287624809890985,,,,0.44492759964795725,,,,,,
2019-07-05,,,,,,,11.14180399700678,,,,0.5250261765322648,,,,,,
2019-07-06,,,,,,,9.569310322917085,,,,0.755554878957231,,,,,,
2019-07-07,,,,,,,10.668924447422013,,,,0.4911303559962947,,,,,,
2019-07-08,,,,,,,10.398428696828583,,0.0081912251189351,1.5618279576301577e-06,0.42190018435940146,,,,,,
2019-07-09,,,,,,,9.359325783006602,,,,0.34554519701861974,,,,,,
2019-07-10,,,,,,,7.759084534062635,,0.0202373526990413,0.0010799290612339,0.41253771058058947,,,,,,
2019-07-11,,,,,,,7.432990057930125,,0.00026152422651645,0.0031783521796266002,0.3240356953400705,,,,,,
2019-07-12,,,,,,,8.32833506610422,,0.0434180367738008,0.0011602761223912,0.42494160175323487,,,,,,
2019-07-13,,,,,,,10.133266375134033,,,,0.5414376468755878,,,,,,
2019-07-14,,,,,,,10.61100604224004,,,,0.6361496010795236,,,,,,
2019-07-15,,,,,,,9.637722761813729,,,,0.5139365353706208,,,,,,
2019-07-16,,,,,,,7.78369430427847,,,,0.5382190804335881,,,,,,
2019-07-17,,,,,,,8.400764446761182,,0.0047642374411225,,0.40717333965585567,,,,,,
2019-07-18,,,,,,,7.191437011017747,,0.01176162157207725,0.006712819449603551,0.3731921453633018,,,,,,
2019-07-19,,,,,,,8.189062449544894,,0.0046285260468721,0.005112699698656751,0.5702560637146235,,,,,,
2019-07-20,,,,,,,7.1809658504789695,,0.0356685817241668,,0.6119541296269745,,,,,,
2019-07-21,,,,,,,8.434656702397534,,0.024880987592041447,,0.4253810088904131,,,,,,
2019-07-22,,,,,,,7.576592540945596,,,,0.33182572885690365,,,,,,
2019-07-23,,,,,,,7.2390601522535745,,,,0.31668711306467173,,,,,,
2019-07-24,,,,,,,6.701156943348115,,0.03003486525267355,0.0240028677508234,0.3288905533996445,,,,,,
2019-07-25,,,,,,,7.165444304778551,,,0.01293034572154275,0.26590529700080234,,,,,,
2019-07-26,,,,,,,7.947424659138204,,0.2083488572388887,0.021942967781797024,0.5251960111781955,,,,,,
2019-07-27,,,,,,,11.595861956624216,,,,0.5596951603785985,,,,,,
2019-07-28,,,,,,,9.460887397893451,,0.0138649940490722,,0.4633008599730915,,,,,,
2019-07-29,,,,,,,7.5042783874808485,,0.0026769237592816,0.0162344425916671,0.4208746890737009,,,,,,
2019-07-30,,,,,,,8.92729403393343,,0.0024490263313055,0.0018320642411708,0.4265673286798928,,,,,,
2019-07-31,,,,,,,7.106813339579661,,,,0.4350023351021503,,,,,,
2019-08-01,,,,,,,8.047528040077951,,,,0.5641500562362906,,,,,,
2019-08-02,,,,,,,10.509367860815916,,,,0.5899554426382695,,,,,,
2019-08-03,,,,,,,8.681758088786156,,0.012890623882412851,0.065005806274712,0.6269963592640124,,,,,,
2019-08-04,,,,,,,8.07063195490363,,0.0858150906860828,0.0164310364052653,0.38476670829446186,,,,,,
2019-08-05,,,,,,,5.630205145627825,,,0.0,0.34718554892131814,,,,,,
2019-08-06,,,,,,,10.215908672315654,,,,0.5319893533556626,,,,,,
2019-08-07,,,,,,,8.509251627220731,,,,0.6494296364147555,,,,,,
2019-08-08,,,,,,,9.109517899328186,,,,0.6311784798412451,,,,,,
2019-08-09,,,,,,,10.181250386145514,,0.007899654097855,0.0053156553767621,0.44323145942480274,,,,,,
2019-08-10,,,,,,,7.273241661940975,,,,0.42907810921927814,,,,,,
2019-08-11,,,,,,,10.783798262602291,,0.004029830917716,,0.2694135307907485,,,,,,
2019-08-12,,,,,,,8.193979080214545,,,,0.0,,,,,,
2019-08-13,,,,,,,8.89408336522227,,,,0.0,,,,,,
2019-08-14,,,,,,,10.581760351911985,,0.0215254817157983,,0.0,,,,,,
2019-08-15,,,,,,,9.820856053104395,,,,0.0,,,,,,
2019-08-16,,,,,,,9.535715655660228,,0.00320995971560475,8.009374141693115e-06,0.0,,,,,,
2019-08-17,,,,,,,8.56484914730882,,,,0.0,,,,,,
2019-08-18,,,,,,,8.783583630224069,,,,0.0,,,,,,
2019-08-19,,,,,,,8.987278471281751,,,0.0063752392306923,0.0,,,,,,
2019-08-20,,,,,,,4.421546318361329,,,,0.0,,,,,,
2019-08-21,,,,,,,5.200091098141793,,,,0.0,,,,,,
2019-08-22,,,,,,,8.97293742060223,,0.0048016663640737,0.0097675714641809,0.0,,,,,,
2019-08-23,,,,,,,9.865027377346996,,0.02439346238970752,0.08202358242124315,0.0,,,,,,
2019-08-24,,,,,,,7.9070871570853125,,0.05568382535129782,0.07922669895924622,0.0,,,,,,
2019-08-25,,,,,,,6.915373262985108,,0.0018161057184139552,0.04143761424347752,0.0,,,,,,
2019-08-26,,,,,,,6.662199885715381,,0.030383540317416143,0.0135217241942882,0.0,,,,,,
2019-08-27,,,,,,,6.052666048099082,,0.023640397315223983,0.0019343278060356334,2.4869685640205407e-05,,,,,,
2019-08-28,,,,,,,5.531802615531805,,0.023615760063486386,0.009567925396064866,0.0,,,,,,
2019-08-29,,,,,,,8.604129392130488,,0.11590472375974055,0.0325995190069079,0.0,,,,,,
2019-08-30,,,,,,,8.448977627696216,,0.04279179032891983,0.02427541371434923,0.0,,,,,,
2019-08-31,,,,,,,8.661413901827622,,0.010198563026885167,,0.0,,,,,,
2019-09-01,,,,,,,7.522585929549755,,0.03626821345339213,,0.0,,,,,,
2019-09-02,,,,,,,4.5002213106401125,,0.001047920435667,0.0035712919197976004,0.0,,,,,,
2019-09-03,,,,,,,5.582118701198542,,0.0065461569465696,6.047775968905e-05,0.0,,,,,,
2019-09-04,,,,,,,8.176706528463573,,,0.0115843126550316,0.0,,,,,,
2019-09-05,,,,,,,8.628923110277732,,0.0165357813239097,0.0109529430046677,0.0019088850046197524,,,,,,
2019-09-06,,,,,,,10.144459534868053,,0.0039327833801507,,0.0,,,,,,
2019-09-07,,,,,,,7.637722755793664,,,0.0058409636840224,0.0,,,,,,
2019-09-08,,,,,,,10.158711502053698,,,0.0104254689067602,0.0,,,,,,
2019-09-09,,,,,,,5.376285626552999,,0.0062295226380229,,0.0,,,,,,
2019-09-10,,,,,,,9.770587485180133,,,,0.0001264860148768162,,,,,,
2019-09-11,,,,,,,7.841182710281352,,0.0170359881594777,,0.3059478183498695,,,,,,
2019-09-12,,,,,,,11.700528499236414,,0.02142982324585315,,0.4708285395664951,,,,,,
2019-09-13,,,,,,,9.439475543647545,,,0.0074576204642653006,0.5861038960957605,,,,,,
2019-09-14,,,,,,,7.877057618228719,,,,0.4651988919537801,,,,,,
2019-09-15,,,,,,,8.318905752152205,,,,0.3928492013769953,,,,,,
2019-09-16,,,,,,,6.798045048035089,,,,0.41204619605807546,,,,,,
2019-09-17,,,,,,,6.588135499507189,,,,0.36970825919083183,,,,,,
2019-09-18,,,,,,,4.22312067911428,,,0.0061421915888786,0.2588588116923347,,,,,,
2019-09-19,,,,,,,4.394273754411359,,,,0.286458884658558,,,,,,
2019-09-20,,,,,,,11.392317005718748,,,,0.42592590022832155,,,,,,
2019-09-21,,,,,,,7.321725415827876,,,,0.4586298528301995,,,,,,
2019-09-22,,,,,,,6.597748037738104,,0.0050965221598744,0.0210959743708372,0.4118134003132582,,,,,,
2019-09-23,,,,,,,7.36092219678364,,,,0.39559961777801317,,,,,,
2019-09-24,,,,,,,6.8141400972303625,,,,0.29129005456343293,,,,,,
2019-09-25,,,,,,,7.947931747498882,,,,0.3551025488741801,,,,,,
2019-09-26,,,,,,,9.169653413154311,,,,0.6996837579170052,,,,,,
2019-09-27,,,,,,,9.518610301049412,,,,0.4857266654213101,,,,,,
2019-09-28,,,,,,,8.18398061154023,,0.0020505152642726,0.0032077152281999,0.5242300746660378,,,,,,
2019-09-29,,,,,,,11.619836051929553,,,,0.5205756413439909,,,,,,
2019-09-30,,,,,,,10.69875330608203,,,,0.5746747697088516,,,,,,
2019-10-01,,,,,7.49715200252831,,7.470921232540916,,,,0.45927495970058124,,,,,,
2019-10-02,,,,,11.933910250663756,,6.493956808280851,,,,0.4358136268626702,,,,,0.0852336660027504,
2019-10-03,,,,,11.171508320607243,,7.714703714594077,,,,0.5053884018454011,,,,,0.0075637102127075,
2019-10-04,,,,,15.45150700956583,,8.512893128077849,,,,0.6031742610135361,,,,,0.0018898239359259,
2019-10-05,,,,,,,8.854568089986367,,,,0.5672490095312241,,,,,,
2019-10-06,,,,,,,10.606865584756132,,,,0.5854550661184849,,,,,16.591036518104374,
2019-10-07,,,,,,,7.62986524569867,,,,0.48268963457287656,,,,,18.392227951437235,
2019-10-08,,,,,,,4.594515532112415,,,,0.41646989927578126,,,,,18.33451643306762,
2019-10-09,,,,,,,3.056705711124879,,,,0.17027023743445935,,,,,,
2019-10-10,,,,,,,11.357722064260436,,,,0.5446648159108701,,,,,,
2019-10-11,,,,,,,13.356944114342332,,,,0.5482528884597915,,,,,,
2019-10-12,,,,,,,11.630454724424464,,,0.005132651887834,0.6178466799227815,,,,,,
2019-10-13,,,,,,,9.593830668633538,,,0.0099907591938972,0.013589124083518967,,,,,,
2019-10-14,,,,,,,11.336524621184383,,,,0.014835420630073969,,,,,,
2019-10-15,,,6.508116487413645,,0.0787567319348454,,11.458999886255816,,,,0.0,,,,,,
2019-10-16,,,0.0001141475513577,,6.9037763914093375,,9.76057831578203,,,,0.44799269126060437,,,,,1.733277685008943,
2019-10-17,,,,,5.746962076984346,,11.676958960372888,,,,0.4856584155215667,,,,,1.9885935485363009,
2019-10-18,,,1.3429050371050837,,11.595995635725558,,10.999438605937657,,,,0.5055183182685421,,,,,1.2727582538500428,
2019-10-19,,,0.8518913881853223,,2.7109280740842223,,9.912258427581508,,,0.0068378131836652,0.5222890962771064,,,,,1.0274627692997456,
2019-10-20,,,0.4630412356927991,,3.769838659092784,,12.84810889327006,,,,0.5857988820307785,,,,,0.5447895424440503,
2019-10-21,,,12.986067059449852,,,,8.409482885510787,,,,0.40167600452306046,,,,,,
2019-10-22,,,0.1748245172202587,,1.025108803063631,,8.629755700038125,,,,0.4819117423727131,,,,,0.4493777761235833,
2019-10-23,,,0.0165244564414024,,0.0833513410761952,,6.718088077902794,,,,0.4384647421721442,,,,,2.851966799236834,
2019-10-24,,,0.0699534984305501,,4.283644797280431,,7.463453293029037,,,,0.6003581950830859,,,,,3.4175519179552794,
2019-10-25,,,2.9388732202351093,,4.8422645051032305,,8.685276324826258,,,,0.46044789999723434,,,,,3.6712963320314884,
2019-10-26,,,,,,,2.674225469201542,,,,0.41963118469963473,,,,,,
2019-10-27,,,,,,,2.6343282793394542,,,,0.6281811485532671,,,,,,
2019-10-28,,,,,1.0652665686793623,,5.333356467435938,,,,0.39667591541850317,,,,,1.0339122251607478,
2019-10-29,,,,,7.076465453952551,,10.833257440870225,,,,0.456464902980736,,,,,4.54108667653054,
2019-10-30,,,,,2.2876920006237924,,4.987686595335216,,,,0.3608853944684737,,,,,1.5724119395017624,
2019-10-31,,,,,2.613843873143196,,6.9208321587823205,,,,0.51717659622542,,,,,1.9606049805879593,
2019-11-01,,,,,2.6471411983172097,,5.3171761295977324,,,,0.6408808722414754,,,,,1.8471764338513215,
2019-11-02,,,,,0.3880323199555278,,5.50743385180831,,,,0.35544625493801296,,,,,0.3844544431194663,
2019-11-03,,,,,1.6990479729138315,,8.220650567365906,,,,0.43139668418418453,,,,,1.0382051225751638,
2019-11-04,,,,,1.8021571363011997,,6.626501966756936,,,,0.4322066956701187,,,,,1.2992348897581298,
2019-11-05,,,,,1.8890129917611678,,5.286022340037443,,,,1.002650022222143,,,,,1.3871132855614026,
2019-11-06,,,,,0.0715159284882247,,4.238632452424083,,,,1.1472267512930556,,,,,0.029139871243387398,
2019-11-07,,,,,0.8320855177007616,,3.5670527423111102,,,,0.5981597702053411,,,,,0.5949959992431104,
2019-11-08,,,,,1.0801926394924521,,4.888982639573743,,,,1.3548130960861111,,,,,0.9300136885916194,
2019-11-09,,,,,0.295182768565913,,4.352134781392912,,,,0.7814698185389622,,,,,0.5764666177953283,
2019-11-10,,,,,1.4647749990224839,,5.9351449150327635,,,,1.789424521439686,,,,,1.2204149566590785,
2019-11-11,,,,,0.7096175557002425,,4.963118006200563,,,,1.258061026628965,,,,,0.5911411331966518,
2019-11-12,,,,,0.10140443174168465,,5.437251744039643,,,,0.7527559846639633,,,,,0.06369568500667805,
2019-11-13,,,,,0.0772430149838328,,5.6570801220639995,,,,0.6786561409967976,,,,,0.07842542547732588,
2019-11-14,,,,,1.673672215268016,,7.893705261326753,,,,0.4211717033889932,,,,,0.8836874648928642,
2019-11-15,,,,,4.225919707678258,,14.177924286717406,,,,0.5939013951423543,,,,,3.118106417823583,
2019-11-16,,,,0.0,1.1529635241521257,,10.412390480720505,,,,0.4547952164827687,,,,,1.3147857465914317,
2019-11-17,,,,0.0,2.2678251760080457,,9.350631776118073,,,,0.4410607993359799,,,,,1.5632265824824572,
2019-11-18,,,,0.0,1.8875458693752682,,10.478341104041572,,,,0.5593395879713156,,,,,1.738556114801516,
2019-11-19,,,,0.0,0.935379677801393,,7.204133214949606,,,,0.5731270784297242,,,,,0.8377478898037225,
2019-11-20,,,,0.0,0.4032004083273932,,8.667181005384158,,,,0.5160978952302567,,,,,0.2677171545801684,
2019-11-21,,,,0.0,0.5413964779581875,,8.804693981491111,,,,0.6050159184191868,,,,,0.4565009806538,
2019-11-22,,,,0.0,1.1062938618872846,,11.052152721963536,,,,0.5398548117262267,,,,,0.8964714105906231,
2019-11-23,,,,0.0,1.9062548410147429,,10.680981429593395,,,,0.4776357554989617,,,,,1.5898988679982722,
2019-11-24,,,,0.0,2.694132891483605,,10.49660267202968,,,,0.47266639887044826,,,,,1.7276585264545348,
2019-11-25,,,,,1.1225298622623086,,7.940593333449215,,,,0.4760250519303715,,,,,1.005161913111806,
2019-11-26,,,,,,,6.62992391750367,,,,0.5699911149977533,,,,,,
2019-11-27,,,,,,,12.716347530680267,,,,0.5858173361380717,,,,,,
2019-11-28,,,,,,,14.306230607962647,,,,0.5238378551157732,,,,,,
2019-11-29,,,,,1.642785498473261,,9.988937329557828,,,,0.4027589806291747,,,,,0.44118204300424885,
2019-11-30,,,,,1.4773480399511754,,8.527348773450488,,,,0.4643582817288521,,,,,1.1062077403068542,
2019-12-01,,,,,3.679996398794982,,11.72517776055812,,,,0.450073661035573,,,,,2.304177083261311,
2019-12-02,,,,,1.039450879363964,,9.897168190107637,,,,0.543863695508872,,,,,1.0896269040182234,
2019-12-03,,,,,2.7096099174581467,,9.1187417137059,,,,0.3816199784699295,,,,,1.467928993795067,
2019-12-04,,,,0.0,1.5401639248244465,,7.302834750324286,,,,0.2924079213524237,,,,,1.353748426400125,
2019-12-05,,,,0.0,1.6069188062948259,,9.834528910398886,,,,0.4167847288394901,,,,,1.2005228503607213,
2019-12-06,,,,0.0,2.281091777607798,,11.232880631052746,,,,0.5023151721157457,,,,,2.0230857050977646,
2019-12-07,,,,0.0,1.053453940199688,,6.949135819215762,,,,0.4812436426415088,,,,,1.0893767855058496,
2019-12-08,,,,,2.547075977548957,,8.50026298421435,,,,0.5334730147037143,,,,,1.9363464797950454,
2019-12-09,,,,0.0,1.8044734494760633,,11.290194297701278,,,,0.38630949644228585,,,,,1.7097111972980201,
2019-12-10,,,,0.0,0.6523191401734948,,9.458185855121018,,,,0.3384622640508626,,,,,0.5015763828530908,
2019-12-11,,,,,1.4083420865237712,,4.18123065138405,,,,0.3242084405320729,,,,,1.1481715580448508,
2019-12-12,,,,0.0,1.3311639773659407,,6.853242050179463,,,,0.3251571349533541,,,,,1.1388264902867378,
2019-12-13,,,,0.0,1.584115801896486,,12.17119772764469,,,,0.796248440268553,,,,,1.1447462662019663,
2019-12-14,,,,0.0,1.3618070055645974,,6.920698604947749,,,,0.4938926089152291,,,,,1.1371364610438996,
2019-12-15,,,,0.0,0.6155278515917334,,4.670594782794456,,,,0.11848863262426233,,,,,0.4326326319609176,
2019-12-16,,,,,0.057929953210987116,,1.7443441535077162,,,,0.1685465399900244,,,,,0.3612196785397828,
2019-12-17,,,,,0.2583360823669604,,3.5655184243164375,,,,0.2464186447614338,,,,,0.2576615105250052,
2019-12-18,,,,,2.090353394858539,,6.945267433308643,,,,0.5049530286979798,,,,,1.5894088972773817,
2019-12-19,,,,,2.166375573258847,,8.191674205317648,,,,0.43002716034937366,,,,,1.5011995821259916,
2019-12-20,,,,,0.7760850959974859,,8.072543994126628,,,,0.3461493612125967,,,,,0.48828810246454346,
2019-12-21,,,,,0.17993166444024863,,2.614517743735073,,,,0.08501464929431674,,,,,0.14319431209670644,
2019-12-22,,,,,4.542090972455648,,8.682244212553975,,,,0.6242679984810261,,,,,3.0472640747634263,
2019-12-23,,,,,2.3559584807461267,,7.398861754961788,,,,0.3820881785633152,,,,,1.742916258266912,
2019-12-24,,,,,1.7432860285043716,,1.0064345370211922,,,,0.15861898979970382,,,,,1.7824252024292946,
2019-12-25,,,,,0.0150650655850768,,6.978077864274383,,,,0.8588778817405304,,,,,0.15235127042979,
2019-12-26,,,,,3.404770852687458,,10.377247103396803,,,,0.35927019025742385,,,,,2.53318730640846,
2019-12-27,,,,,2.2599366941274357,,9.413661119893746,,,,0.48372247630345916,,,,,1.2811797599379833,
2019-12-28,,,,,2.233061039665093,,5.708734482025717,,,,0.38420099167920213,,,,,1.6814076787171264,
2019-12-29,,,,0.0,5.476740977394262,,9.365780440312536,,,,0.5211598639376461,,,,,2.5697994297370315,
2019-12-30,,,,,6.538674764102325,,9.17145589813299,,,,0.468316758577438,,,,,3.372650262666866,
2019-12-31,,,,,3.3699925555330186,,5.080599214658587,,,,0.28294680196972144,,,,,2.2687829117187195,
2020-01-01,,,,,1.2526710039004683,,3.087577266839601,,,,0.21270130532370368,,,,,1.053777083568275,
2020-01-02,,,,,2.9371320770766873,,5.161464958871919,,,,0.24841223089740821,,,,,1.7559102988586976,
2020-01-03,,,,,3.8652822213247418,,6.862154973663449,,,,0.28560648889591295,,,,,2.463601427152753,
2020-01-04,,,,,1.1092286814625065,,5.474419412607163,,,,0.36081413144711405,,,,,1.1394871381732325,
2020-01-05,,,,,2.1900608712807297,,4.923784083588086,,,,0.2880842558040124,,,,,1.7779120093211531,
2020-01-06,,,,,2.1755980534944683,,5.306286515039672,,,,0.2533533578107674,,,,,2.009875655756332,
2020-01-07,,,,,3.468319974653423,,6.79236428246454,,,,0.2036722716875374,,,,,2.84931753622368,
2020-01-08,,,,,4.499644717015326,,7.8185342558158135,,,,0.3449690809717313,,,,,2.9547562608495355,
2020-01-09,,,,,5.018265292048454,,8.928622965822631,,,,0.45330200537573545,,,,,3.4815211398527026,
2020-01-10,,,,,2.1767552990932018,,7.696514452935534,,,,0.3970935088249722,,,,,1.557149195112288,
2020-01-11,,,,,2.856934188771993,,7.250129581125719,,,,0.34822383792315786,,,,,2.389197954069823,
2020-01-12,,,,,2.4913156350905243,,7.996897644403095,,,,0.3854618459008634,,,,,2.4176135273142294,
2020-01-13,,,,,2.114804007578641,,5.045300578496286,,,,0.25372901165650946,,,,,2.211129732662812,
2020-01-14,,,,,1.317738929297775,,7.933605595897495,,,,0.3898618799690722,,,,,1.2449132343754172,
2020-01-15,,,,,3.5227320617996156,,9.172107918335563,,,,0.36597775243055286,,,,,2.293445583619177,
2020-01-16,,,,,14.5181532924762,,12.503735596514788,,,,0.29614484247060546,,,,,16.791717244428582,
2020-01-17,,,,,0.10406469565350558,,1.1985778322589287,,,,0.10163348016182054,,,,,0.12799951352644712,
2020-01-18,,,,,1.421382456552237,,4.984991880761606,,,,0.28027817942932537,,,,,0.950412034522742,
2020-01-19,,,,,4.783862120048567,,13.67693203444779,,,,0.4937601814890513,,,,,2.8751447780735115,
2020-01-20,,,,,3.7066242477856575,,8.17231283901725,,,,0.37083008327672995,,,,,2.6931348012760283,
2020-01-21,,,,,2.308654062449932,,8.545538716988098,,,,0.5118902459008885,,,,,2.5659979325719178,
2020-01-22,,,,,4.758106291294098,,10.510454217319266,,,,0.46921294043275796,,,,,7.13558900821954,
2020-01-23,,,,,3.8011784125119448,,13.942745823421758,,,,0.7357474640101338,,,,,6.607443857938051,
2020-01-24,,,,,0.12610986270010469,,1.629545484900926,,,,0.050964430204282166,,,,,0.15581606281921265,
2020-01-25,,,,,5.154759718105197,,5.050341309979558,,,,0.22250977803308225,,,,,6.8434360064566135,
2020-01-26,,,,,12.50703269150108,,8.66867468082388,,,,0.4449852931268868,,,,,15.094290902838113,
2020-01-27,,,,,0.08144531053091796,,7.237923570327311,,,,0.32148905164489505,,,,,0.09851864182079828,
2020-01-28,,,,,8.478910288773477,,10.15235502331052,,,,0.47903945567933,,,,,5.646913002245128,
2020-01-29,,,,,17.007044054567814,,13.60898585613551,,,,0.6048250310400973,,,,,6.509491560049355,
2020-01-30,,,,,11.023873027414083,,12.791618938962726,,,,0.6381965183765825,,,,,8.865258011966944,
2020-01-31,,,,,4.128681683912873,,16.27322718740574,,,,0.934039451445995,,,,,4.230585161596537,
2020-02-01,,,,,7.886002253741026,,13.448073873455387,,,,0.6313675509956784,,,,,13.324820608831942,
2020-02-02,,,,,6.056891268119216,,15.989868215983734,,,,0.7997160751191486,,,,,15.853888174518945,
2020-02-03,,,,,3.251851231791079,,11.619103440156449,,,,0.49420791063624037,,,,,6.303022116422653,
2020-02-04,,,,,,,11.969898946165781,,,,0.43057262395242496,,,,,,
2020-02-05,,,,,6.094853545539081,,24.119556948464986,,,,0.4531946252032682,,,,,5.816206387244165,
2020-02-06,,,,,15.70711398217827,,6.793835338825981,,,,0.5204678494995887,,,,,12.2228513546288,
2020-02-07,,,,,0.1957540088333189,,4.2283956340979785,,,,0.24070626236498352,,,,,0.2201633621007204,
2020-02-08,,,,,11.89031889475882,,9.76403636477388,,,,0.4641553420107812,,,,,7.732708428986371,
2020-02-09,,,,,2.938500818796456,,12.937214560721113,,,,0.4666266905143857,,,,,3.7244419315829873,
2020-02-10,,,,,0.0512587968260049,,6.960769906604233,,,,0.3268134558325012,,,,,0.1518473355099558,
2020-02-11,,,,,4.03073317091912,,11.455011106914261,,,,0.5668019700396274,,,,,6.275918485596776,
2020-02-12,,,,,7.001637018285692,,9.86386064134745,,,,0.4439932215723327,,,,,5.674959748052061,
2020-02-13,,,,,13.36988788563758,,11.404579964054651,,,,0.6063128324079045,,,,,0.0366066684946417,
2020-02-14,,,,,0.4861949970945716,,14.168406405371059,,,,0.6656837550555031,,,,,0.0018327180296182,
2020-02-15,,,,,,,13.994007876588274,,,,1.6055899810230545,,,,,,
2020-02-16,,,,,,,3.6113998142603254,,,,0.13468386640659333,,,,,,
2020-02-17,,,,,16.791836325079203,,7.236223817166562,,,,0.3856341859832275,,,,,6.7925966354087,
2020-02-18,,,,,12.678077882155776,,8.225555327674375,,,,0.3273526842017537,,,,,7.196097948588431,
2020-02-19,,,,,18.093854127451777,,10.74348596856801,,,,0.5762453674355389,,,,,6.887738747522235,
2020-02-20,,,,,0.7237227829173207,,6.095973661145529,,,,0.3716453026364824,,,,,0.2653299663215875,
2020-02-21,,,,,14.99086761660874,,11.770442665881804,,,,0.5126586599519181,,,,,11.9876222666353,
2020-02-22,,,,,9.558612443506718,,9.480900801149637,,,,0.4672659957052573,,,,,12.87012938875705,
2020-02-23,,,,,12.5753360921517,,10.516542160983331,,,,0.5132564080068497,,,,,12.518973021768034,
2020-02-24,,,,,12.815735111013057,,11.247818358657373,,,,0.5048087107738093,,,,,10.566243978217244,
2020-02-25,,,,,0.2815374983474612,,9.156916823068066,,,,0.37625644974071865,,,,,0.7077469220384955,
2020-02-26,,,,,3.9459985587745905,,8.346191805329,,,,0.43329882451022667,,,,,12.382845361717044,
2020-02-27,,,,,9.156840958632529,,10.876461698374023,,,,0.5315971518153543,,,,,10.707841977477074,
2020-02-28,,,,,8.655646758154035,,9.535697073368024,,,,0.7298570723025077,,,,,9.505615884438155,
2020-02-29,,,,,0.3294384432956576,,9.477686798235155,,,,0.48490987330967306,,,,,0.4676520824432373,
2020-03-01,,,,,8.925987776368856,,10.456363259317975,,,,0.5247438325392968,,,,,11.501799096353352,
2020-03-02,,,,,7.729609250091016,,9.809579010910298,,,,0.5255396879949076,,,,,5.512378693558276,
2020-03-03,,,,,9.524665002711115,,10.864552620770127,,,,0.5543988955682738,,,,,7.116779345087707,
2020-03-04,,,,,9.240930791944264,,10.447424368163077,,,,0.5107939039326964,,,,,11.158280197530985,
2020-03-05,,,,,18.75364892370999,,10.62609750453872,,,,0.5194366111763213,,,,,14.097199028357863,
2020-03-06,,,,,3.1246330654248595,,6.071813579546288,,,,0.2895845675375312,,,,,3.9783970499411225,
2020-03-07,,,,,12.138331023044884,,9.70202655170113,,,,0.5715845727439349,,,,,9.881070391274989,
2020-03-08,,,,,2.1528536891564727,,9.877390687540174,,,,0.5706991002598143,,,,,7.223489634692669,
2020-03-09,,,,,0.4187700720503926,,11.585349185458783,,,,0.5864599654109243,,,,,0.8128133555874228,
2020-03-10,,,,,18.72475090716034,,8.401892103487626,,,,0.5033129429599891,,,,,10.200422190129755,
2020-03-11,,,,,6.041827660053968,,13.088888123262828,,,,0.8879547437445985,,,,,11.21949416399002,
2020-03-12,,,,,0.7559828190132976,,12.303736063295064,,,,0.726883130085965,,,,,0.9837768226861954,
2020-03-13,,,,,,,13.42710995544558,,,,0.6839878650551493,,,,,,
2020-03-14,,,,,0.8440272081643343,,6.377682515318789,,,,0.23136535492217672,,,,,0.1264848569408059,
2020-03-15,,,,,3.2766634048894048,,4.578183967984565,,,,0.37411933139498743,,,,,2.144919339567423,
2020-03-16,,,,,,,6.771031503849056,,,,0.2948812772096558,,,,,,
2020-03-17,,,,,,,7.481476572463694,,,,0.5198237745683979,,,,,,
2020-03-18,,,,,,,6.834923126572824,,,,0.2791393002579835,,,,,,
2020-03-19,,,,,,,5.0348643021577075,,,,0.1790610027330165,,,,,,
2020-03-20,,,,,,,4.792622704820877,,,,0.3015798680627575,,,,,,
2020-03-21,,,,,,,5.219175968276844,,,,0.18765540407704454,,,,,,
2020-03-22,,,,,,,7.813014988237145,,,,0.2650800154854854,,,,,,
2020-03-23,,,,,0.0705650504678487,,5.746078662320294,,,,0.24670690896787809,,,,,0.0503769246861338,
2020-03-24,,,,,0.0127994567155838,,2.6678888380397545,,,,0.10633150951527963,,,,,0.0139873810112476,
2020-03-25,,,,,0.0084985541179776,,2.2485251499720933,,,,0.12053069302292406,,,,,0.0104455081745982,
2020-03-26,,,,,0.3260971195995807,,2.686264098746081,,,,0.13027232095853167,,,,,0.1568967178463935,
2020-03-27,,,,,0.0380124785006046,,2.442411795164211,,,,0.11028948404475461,,,,,0.0099826669320464,
2020-03-28,,,,,,,2.7317463645578495,,,,0.16764633865643508,,,,,,
2020-03-29,,,,,0.2241358263418078,,3.1267588649690152,,,,0.15928849789683944,,,,,0.1523186936974525,
2020-03-30,,,,,0.0069921230897307,,2.9975880092800886,,,,0.13898375948358854,,,,,0.0025871014222502,
2020-03-31,,,,,0.0067872805520892,,2.768476104234999,,,,0.1705305898807697,,,,,0.0126604782417416,
2020-04-01,,,,,,,3.819217779712041,,,,0.2999568489049711,,,,,,
2020-04-02,,,,,,,2.8862791062745545,,,,0.15721000062868642,,,,,,
2020-04-03,,,,,,,5.800699120076994,,,,0.40093615605327926,,,,,,
2020-04-04,,,,,,,3.435351590668926,,,,0.23557607076878917,,,,,,
2020-04-05,,,,,,,4.3242387838088545,,,,0.27484279136443807,,,,,,
2020-04-06,,,,,0.0061401072889566,,2.114912508120924,,,,0.14310955765460606,,,,,0.0117353666573762,
2020-04-07,,,,,0.3215020876377821,,1.809005646618164,,,,0.11918929103253914,,,,,0.4610161306336522,
2020-04-08,,,,,0.0802908865734934,,2.3481141744774923,,,,0.165975099015567,,,,,0.1095259487628936,
2020-04-09,,,,,0.2654872685670852,,2.5914585871927054,,,,0.16972730243326842,,,,,0.1133508654311299,
2020-04-10,,,,,0.4719487689435482,,2.0254479294360084,,,,0.13632316917842513,,,,,0.2090998627245426,
2020-04-11,,,,,0.7043652404099703,,1.9319119026545775,,,,0.15062704360780282,,,,,0.373824568465352,
2020-04-12,,,,,0.0026003019884228,,3.1055377382070346,,,,0.21272402330551565,,,,,0.0104266516864299,
2020-04-13,,,,,0.3268530359491706,,2.6354529163745397,,,,0.18132590109275443,,,,,0.0406051278114318,
2020-04-14,,,,,0.3314116457477212,,3.3300564890793924,,,,0.16639807483879845,,,,,0.1723696589469909,
2020-04-15,,,,,0.0980251152068376,,4.470461357585793,,,,0.25587789440641595,,,,,0.059946522116661,
2020-04-16,,,,,0.0080203702673316,,4.247201995580242,,,,0.27170458569702116,,,,,0.0078578339889645,
2020-04-17,,,,,0.0170618575066328,,4.568384898642666,,,,0.2519701277423236,,,,,0.0122615061700344,
2020-04-18,,,,,0.2913116300478577,,2.681042476307328,,,,0.195490538819947,,,,,0.506258936598897,
2020-04-19,,,,,,,5.042282549016996,,,,0.35136264522010696,,,,,,
2020-04-20,,,,,0.0411635050550103,,3.7637089727531103,,,,0.2002152078504483,,,,,0.1207485282793641,
2020-04-21,,,,,0.2062095068395137,,3.4193513251634107,,,,0.20856651343843513,,,,,0.2353094583377242,
2020-04-22,,,,,0.1006475090980529,,3.8332339520048766,,,,0.21087221129633044,,,,,0.1114071048796176,
2020-04-23,,,,,0.3783202348276973,,4.434802952148444,,,,0.221988659474023,,,,,0.2628607964143157,
2020-04-24,,,,,0.0872001908719539,,4.129029528518882,,,,0.2399936042825824,,,,,0.0525816995650529,
2020-04-25,,,,,,,2.074162665636025,,,,0.11793522542904848,,,,,,
2020-04-26,,,,,0.039837572723627,,2.8385694305801277,,,,0.14130208094726604,,,,,0.018982364796102,
2020-04-27,,,,,,,3.8136918895622403,,,,0.2501674123277718,,,,,,
2020-04-28,,,,,0.4689052235335111,,4.058624573618822,,,,0.16951723518182654,,,,,0.1418757522478699,
2020-04-29,,,,,,,3.2441774705863176,,,,0.12362179739818886,,,,,,
2020-04-30,,,,,0.1773882042616605,,1.5736799473800744,,,,0.06801456908902356,,,,,0.4907632544636726,
2020-05-01,,,,,0.0457127848640084,,2.9225551075109375,,,,0.13952399642273247,,,,,0.0329855922609567,
2020-05-02,,,,,,,1.126779233155373,,,,0.09788835336695663,,,,,,
2020-05-03,,,,,0.0,,1.4042862390719906,,,,0.08983574750331727,,,,,0.0370393954217433,
2020-05-04,,,,,0.1727051977068185,,1.6253685326315463,,,,0.06287923169896953,,,,,0.0438666343688964,
2020-05-05,,,,,0.1872033756226301,,2.5197480378140296,,,,0.12055495152757921,,,,,0.0256623271852731,
2020-05-06,,,,,0.0499781360849738,,4.309465689799533,,,,0.11464702735909003,,,,,0.0736591015011072,
2020-05-07,,,,,,,7.629714549160921,,,,0.21223919872533187,,,,,,
2020-05-08,,,,,,,1.4137677270919085,,,,0.13614228545603424,,,,,,
2020-05-09,,,,,0.0231643840670585,,1.6156461420827186,,,,0.12342656945640385,,,,,0.0510006183758378,
2020-05-10,,,,,0.0197222214192152,,3.0099958247290206,,,,0.19161965765736316,,,,,0.0466218069195747,
2020-05-11,,,,,0.047878990881145,,7.658242838099026,,,,0.41045121535320167,,,,,0.0190780228003859,
2020-05-12,,,,,0.1415693378075957,,4.864030910369295,,,,0.16202595660632302,,,,,0.0384940756484866,
2020-05-13,,,,,0.0165073657408356,,6.306098175378373,,,,0.29786939563399006,,,,,0.8999472390860319,
2020-05-14,,,,,0.1505966586992144,,3.59220153086174,,,,0.21414044346999034,,,,,0.1610915828496217,
2020-05-15,,,,,0.3009627927094698,,5.924958143150434,,,,0.13898756112903354,,,,,0.5096166338771582,
2020-05-16,,,,,,,2.988426643113295,,,,0.17221579505130644,,,,,,
2020-05-17,,,,,0.1817737286910414,,3.5738230942903706,,,,0.1420733029954135,,,,,0.5124639309942722,
2020-05-18,,,,,0.0177799481898546,,1.4811449395366816,,,,0.05089560082890613,,,,,0.1372710214927792,
2020-05-19,,,,,,,1.3207773095192878,,,,0.048354744284667704,,,,,,
2020-05-20,,,,,,,5.45361838867307,,,,0.23611535418653082,,,,,,
2020-05-21,,,,,5.145348374731839,,5.697574960588608,,,,0.2649943066591566,,,,,2.987072382122278,
2020-05-22,,,,,1.6726164445281029,,5.399393092409561,,,,0.21991165471519084,,,,,,
2020-05-23,,,,,1.8730393266305327,,4.709535419450779,,,,0.22587730697673425,,,,,2.002617378719151,
2020-05-24,,,,,2.7587227914482355,,6.913175808806574,,,,0.3835540472275831,,,,,2.775845951400697,
2020-05-25,,,,,0.5059205936267972,,5.632551776610084,,,,0.3042714274387158,,,,,0.3757081665098667,
2020-05-26,,,,,3.919869713485241,,8.242830575297454,,,,0.4167128140384804,,,,,3.154141173698008,
2020-05-27,,,,,3.243834895081818,,6.17278263237412,,,,0.3279105866108747,,,,,2.706253260374069,
2020-05-28,,,,,0.2286341339349746,,6.333326627595604,,,,0.29644711406546687,,,,,0.1778995292261243,
2020-05-29,,,,,2.42451445851475,,9.226949960231368,,,,0.4367562310531909,,,,,2.28120300360024,
2020-05-30,,,,,4.857457985170186,,6.558563571753381,,,,0.2687289789444892,,,,,3.5734661193564534,
2020-05-31,,,,,,,5.201330828491379,,,,0.2485291540273465,,,,,,
2020-06-01,,,,,2.666837359778583,,7.6560134258802215,,,,0.3424898193144563,,,,,3.466483347117901,
2020-06-02,,,,,5.045222816057503,,6.507888237033815,,,,0.3318636704424626,,,,,5.595230736769736,
2020-06-03,,,,,0.1901100547984242,,6.356126587567851,,,,0.2704916772075948,,,,,0.124086569994688,
2020-06-04,,,,,0.7965780701488256,,8.117984796930104,,,,0.35447820525695667,,,,,0.9020333867520094,
2020-06-05,,,,,3.454598751850426,,3.56865634970043,,,,0.16225706374939153,,,,,0.1538788080215454,
2020-06-06,,,,,1.7002460872754457,,1.9036442871826391,,,,0.08807433416823975,,,,,1.269055625423789,
2020-06-07,,,,,0.7898199083283544,,1.7610622324315566,,,,0.0726188989078153,,,,,1.105632348917425,
2020-06-08,,,,,,,4.354627947274644,,,,0.196344373508583,,0.0824282336980104,,,,
2020-06-09,,,,,6.91967704705894,,2.087144987083563,,,,0.09301902532045327,,0.0730928797274828,,,8.30840600002557,
2020-06-10,,,,,,,1.6492053730961154,,,,0.09618258406718568,,,,,,
2020-06-11,,,,,,,3.710042184769091,,,,0.2008010190157663,,,,,,
2020-06-12,,,,,0.8759419750422239,,16.23450353610165,,,,0.8139343718066812,,,,,0.6637182757258415,
2020-06-13,,,,,14.79606550373137,,10.647621422949038,,,,0.6366533327888212,,,,,11.158536834642293,
2020-06-14,,,,,10.07996083330363,,15.805518817957491,,,,0.8864415889764403,,,,,6.851423027925193,
2020-06-15,,,,,3.747508187778294,,7.278824798369573,,,,0.3959354742704069,,,,,1.420612161047757,
2020-06-16,,,,,,,8.367989254532034,,,,0.4405436319039138,,,,,,
2020-06-17,,,,,,,7.784414267924788,,,,0.4429484732167492,,,,,,
2020-06-18,,,,,9.67240482289344,,6.473791041076602,,,,0.3354704610981224,,,,,4.920198365114629,
2020-06-19,,,,,11.17600505053997,,11.201113760429951,,,,0.624366828163757,,,,,8.901369145140052,
2020-06-20,,,,,11.91087813861668,,9.182764122658677,,,,0.45151009364053607,,,,,5.330193504691124,
2020-06-21,,,,,3.086559358984232,,10.768701886115153,,,,0.6865929933264852,,,,,3.275188622996211,
2020-06-22,,,,,3.3920191759243608,,6.642784575179937,,,,0.36201221725750193,,,,,2.4817964881658554,
2020-06-23,,,,,2.549566053785384,,3.7372545890548095,,,,0.1533679578453302,,,,,3.0629975758492947,
2020-06-24,,,,,,,4.275341190397739,,,,0.23937104955474112,,,,,,
2020-06-25,,,,,2.476138439029455,,4.983369885304687,,,,0.2230507924637578,,,,,3.686953019350767,
2020-06-26,,,,,7.0483694933354855,,2.617598083925744,,,,0.15227873115135085,,,,,9.82832598593086,
2020-06-27,,,,,3.799321975558996,,3.659038426290738,,,,0.17217569066868982,,,,,9.435562528669834,
2020-06-28,,,,,9.877945041283963,,5.682827953642251,,,,0.3159808382266559,,,,,2.1065027182921767,
2020-06-29,,,,,2.5879322243854403,,11.79264185879743,,,,0.5888204967191855,,,,,1.3844120614230633,
2020-06-30,,,,,3.672628178261221,,8.58813539506277,,,,0.5032874727744217,,,,,3.650098478421569,
2020-07-01,,,,,7.624021711759269,,2.642660770179113,,,,0.13325828218178165,,,,,15.925930950790644,
2020-07-02,,,,,1.483868612907827,,0.7825934393668031,,,,0.05972696868081883,,,,,1.3820952861569822,
2020-07-03,,,,,6.114604596979916,,8.998120649574467,,,,0.48175893969495187,,,,,10.756108881905677,
2020-07-04,,,,,1.650685983709991,,1.5376835327523832,,,,0.043152758414495916,,,,,2.053689520806074,
2020-07-05,,,,,16.327521353028715,,4.4419034400821795,,,,0.3992922216032942,,,,,9.42518713977188,
2020-07-06,,,,,2.7799206506460905,,7.118662617102798,,,,0.28219069464301516,,,,,5.578736913390458,
2020-07-07,,,,,13.064380940049888,,9.45555387934049,,,,0.4448956955224276,,,,,8.124862357974052,
2020-07-08,,,,,3.42675706371665,,6.412449434787656,,,,0.38042934350669383,,,,,13.386300127021968,
2020-07-09,,,,,0.411552345380187,,7.5170902739434196,,,,0.3657814207486808,,,,,4.506000109948218,
2020-07-10,,,,,18.365015510469675,,6.986109990999102,,,,0.1703435161616653,,,,,15.58344247099012,
2020-07-11,,,,,0.1149146566167473,,9.514531007781624,,,,0.5327974206302315,,,,,0.4885181384161114,
2020-07-12,,,,,17.002774774096906,,6.855991248662273,,,,0.4329926068894565,,,,,9.295484858565032,
2020-07-13,,,,,6.6831633960828185,,11.469336698230888,,,,0.25720948376692826,,,,,6.072998194955289,
2020-07-14,,,,,7.356925344094634,,1.204913902580738,,,,0.04298357082796944,,,,,7.675929914228618,
2020-07-15,,,,,0.2276576859876513,,2.4160174416054203,,,,0.10730332603226553,,,,,0.2193057527765631,
2020-07-16,,,,,,,4.844143511691167,,,,0.1609867471844366,,,,,,
2020-07-17,,,,,4.70905333571136,,6.650523182153043,,,,0.34571730635991876,,,,,3.714987605810165,
2020-07-18,,,,,14.198218328878284,,4.798042406905787,,,,0.33034184850895626,,,,,15.459859795868397,
2020-07-19,,,,,20.87694490235299,,6.084193274813974,,,,0.4096639868938951,,,,,7.961310791783035,
2020-07-20,,,,,8.960840142332017,,5.2994957759331625,,,,0.2659733115077609,,,,,7.982512656599283,
2020-07-21,,,,,0.8995570112019777,,4.290922975909393,,,,0.2388397329356347,,,,,0.3040910055860877,
2020-07-22,,,,,0.352646866813302,,6.92496000250449,,,,0.3663719080423361,,,,,0.1019981950521469,
2020-07-23,,,,,10.153293259441853,,6.566687146337195,,,,0.37224524928622427,,,,,4.092823130078614,
2020-07-24,,,,,6.641279091127217,,5.447725932340364,,,,0.45498147035000197,,,,,3.6457013487815857,
2020-07-25,,,,,30.173935673199598,,5.5162563803605735,,,,0.3614389354468516,,,,,18.507588914595544,
2020-07-26,,,,,5.769394187256694,,5.595171713757269,,,,0.38035356990460834,,,,,11.187954599037766,
2020-07-27,,,,,16.531477245502174,,5.62572147658615,,,,0.3067360911518335,,,,,13.514389879070222,
2020-07-28,,,,,23.740896091796458,,8.505871504789345,,,,0.47371843954868087,,,,,17.766121834516525,
2020-07-29,,,,,25.53168581984937,,9.936448306324753,,,,0.5667921637866608,,,,,13.720486626960335,
2020-07-30,,,,,23.353439593687654,,9.179175162222236,,,,0.47168354322867734,,,,,14.197775319218636,
2020-07-31,,,,,21.63146815355867,,11.247304921508382,,,,0.6169399281981278,,,,,10.779028797522187,
2020-08-01,,,,,14.480823661200702,,9.48410785655087,,,,0.5375779675482546,,,,,12.026988732628524,
2020-08-02,,,,,25.94130226969719,,13.80392878745993,,,,0.7341957215849363,,,,,32.78757285885513,
2020-08-03,,,,,16.683004061691463,,9.397987711717617,,,,0.4982981203714959,,,,,17.090381361544132,
2020-08-04,,,,,8.961674097925425,,10.18339882808822,,,,0.4722462407287175,,,,,11.957736902870238,
2020-08-05,,,,,9.509271008893847,,8.476540591585326,,,,0.4286225782255235,,,,,5.755726744420826,
2020-08-06,,,,,21.40307260304689,,9.482815830274061,,,,0.49647322146517925,,,,,13.051950428634882,
2020-08-07,,,,,20.80346135608852,,14.384160944031017,,,,0.7361231376613739,,,,,17.17694828659296,
2020-08-08,,,,,12.230057446286082,,4.188291207372033,,,,0.14039307451910438,,,,,11.97867002338171,
2020-08-09,,,,,8.525423389859498,,3.715004862818335,,,,0.1387199465243611,,,,,10.724980356171727,
2020-08-10,,,,,,,4.799671900253017,,,,0.1968766729890679,,,,,,
2020-08-11,,,,,,,4.079366767723113,,,,0.14392272491959177,,,,,,
2020-08-12,,,,,0.0052567115053534005,,2.0479889548891648,,,,0.0943917740158826,,,,,0.0047602714039384495,
2020-08-13,,,,,0.004396392847411275,,1.5409971280258243,,,,0.07017969067524603,,,,,0.02113130257930604,
2020-08-14,,,,,0.05538858305662867,,1.8605672845310748,,,,0.05000741034061369,,,,,0.08406613171100612,
2020-08-15,,,,,,,2.1395621233349367,,,,0.06449917373819304,,,,,,
2020-08-16,,,,,,,2.375514169008686,,,,0.09597867751707792,,,,,,
2020-08-17,,,,,,,2.2687219525628453,,,,0.09170596304072717,,,,,,
2020-08-18,,,,,0.0,,1.5436960145851355,,,,0.06000612965286813,,,,,1.2518233247101307,
2020-08-19,,,,,0.0377392843365669,,1.8085083630429502,,,,0.048661255684088536,,,,,4.247934006154537,
2020-08-20,,,,,2.195018138270825,,1.7085374838206917,,,,0.07312422328007713,,,,,2.7642417370031276,
2020-08-21,,,,,0.9360341014606612,,4.295225924930312,,,,0.12187703695424172,,,,,0.7074372787028551,
2020-08-22,,,,,,,2.4369884782513096,,,,0.10092648633290077,,,,,,
2020-08-23,,,,,,,5.613113126638246,,,,0.1475225653543713,,,,,,
2020-08-24,,,,,1.5954260965809226,,9.898093159963835,,,,0.440564041114634,,,,,0.9040335081517696,
2020-08-25,,,,,6.111504199914634,,5.8062121158128415,,,,0.24994245501390344,,,,,6.55640516569838,
2020-08-26,,,,,2.4028480526059868,,4.807287814264948,,,,0.25546971002110724,,,,,2.3090808573178947,
2020-08-27,0.0504518784582614,,,,5.917256788350642,,8.519600170850754,,,,0.3666208291497941,,,,,8.640363305807114,
2020-08-28,,,,,2.1979769434159,,7.855593597081347,,,,0.4283548643782971,,,,,1.5931896682207782,
2020-08-29,,,,,1.6230334071442487,,3.6155106901424006,,,,0.19754816286265847,,,,,1.1631240809025865,
2020-08-30,,,,,1.1227084998307484,,5.72174150056392,,,,0.29516323152082885,,,,,2.013520708191208,
2020-08-31,,,,,,,5.1782854571128665,,,,0.12038416340060173,,,,,,
2020-09-01,,,,,,,3.966925312844017,,,,0.15290893963538105,,,,,,
2020-09-02,,,,,,,2.0344560982727815,,,,0.08466219588612703,,,,,,
2020-09-03,,,,,9.019940773025157,,6.9735780697134615,,,,0.3534568818199022,,,,,4.904576348140836,
2020-09-04,,,,,11.781214343383908,,10.198637152985325,,,,0.5492154145613313,,,,,7.132723371498287,
2020-09-05,,,,,13.6079160599038,,6.109077262352018,,,,0.31483586594738333,,,,,5.707624137401581,
2020-09-06,,,,,12.926109130494297,,9.103837648101987,,,,0.5081048590194398,,,,,12.203000993467867,
2020-09-07,,,,,12.671429629437624,,8.221294733899922,,,,0.49711360349492334,,,,,9.192052845843136,
2020-09-08,,,,,0.661428801715374,,5.148200777951406,,,,0.24555887181914465,,,,,1.0000126343220472,
2020-09-09,,,,,,,7.308196176238106,,,,0.4473738499606649,,,,,,
2020-09-10,,,,,,,9.5445124569398,,,,0.4660727110262332,,,,,,
2020-09-11,,,,,4.763692882377654,,10.465193661797137,,,,0.6105217892237431,,,,,3.3583831882569934,
2020-09-12,,,,,11.652466773055494,,7.138399226236594,,,,0.40741865734076677,,,,,10.112108264118431,
2020-09-13,,,,,5.235873322933912,,9.167545948913622,,,,0.47976042853425377,,,,,4.492900210432708,
2020-09-14,,,,,1.764912650920451,,10.46704138274852,,,,0.44084457664386084,,,,,1.818893876858056,
2020-09-15,,,,,0.2731716223061085,,5.648398715231451,,,,0.29299456740475516,,,,,0.0977478437125682,
2020-09-16,,,,,1.2957392445144553,,4.805357492132079,,,,0.18040298892708578,,,,,0.6750253384622434,
2020-09-17,,,,,2.6672033495269716,,7.177430691370784,,,,0.3656340786987099,,,,,4.094466341659427,
2020-09-18,,,,,15.704994199797513,,7.933056733960455,,,,0.4199338848024462,,,,,11.418343412689865,
2020-09-19,,,,,7.610724777914584,,8.59144450203234,,,,0.3562523527885787,,,,,4.884378391318023,
2020-09-20,,,,,0.3422014592215419,,11.843958020416023,,,,0.6459026828873903,,,,,0.2204804886132478,
2020-09-21,,,,,0.3779010353609919,,13.090885143271104,,,,0.5136530674952134,,,,,1.1059489836916327,
2020-09-22,,,,,9.209982276894152,,9.490665798046088,,,,0.45528639726002107,,,,,2.7516801608726382,
2020-09-23,,,,,15.851290848106146,,11.228070694104664,,,,0.5079767113880199,,,,,6.839128903113306,
2020-09-24,,,,,10.622639872133732,,13.205236349731337,,,,0.5406838268859357,,,,,9.545567287132144,
2020-09-25,,,,,5.78081653919071,,15.63539123208135,,,,0.7570596437682123,,,,,2.8721995409578085,
2020-09-26,,,,,12.127659298479555,,12.1407011508095,,,,0.5654120617454835,,,,,14.309535982087256,
2020-09-27,,,,,5.260018486529589,,13.062564400759024,,,,0.7690808799304069,,,,,5.6660096636042,
2020-09-28,,,,,4.48599418438971,,9.904630563487965,,,,0.4526273917406797,,,,,5.456652622669935,
2020-09-29,,,,,3.920455809682608,,11.900261516831815,,,,0.5034258123099183,,,,,0.9567913878709078,
2020-09-30,,,,,5.872721362859011,,13.153012347389378,,,,0.705002593997942,,,,,9.12519778124988,
2020-10-01,,,,,4.444831306114793,,16.277264469197757,,,,0.8714312998844045,,,,,4.594620707444847,
2020-10-02,,,,,0.4958864105865359,,1.5378027285262943,,,,0.048376442301863144,,,,,0.307370750233531,
2020-10-03,,,,,10.13504559546709,,4.433405668164293,,,,0.3285211079161275,,,,,12.33476314879954,
2020-10-04,,,,,10.043325755745173,,5.183241127291694,,,,0.3583216962658546,,,,,4.516212476417422,
2020-10-05,,,,,12.58633784390986,,4.0445508909225465,,,,0.21182471785046478,,,,,8.493089203722775,
2020-10-06,,,,,3.813978400081396,,4.051145316279949,,,,0.1119299375555581,,,,,4.565736597403884,
2020-10-07,,,,,0.5576398968696594,,5.615666454268056,,,,0.18272906802594657,,,,,0.1024275766685605,
2020-10-08,,,,,18.600319117307663,,5.008322693821457,,,,0.12142398425688342,,,,,11.531641232781112,
2020-10-09,,,,,7.575733042322099,,6.814082698382694,,,,0.259776738921011,,,,,6.752627132460475,
2020-10-10,,,,,12.594220485538244,,5.738640872860112,,,,0.28968303019387853,,,,,4.591887249611318,
2020-10-11,,,,,12.972161148674786,,8.07047306678512,,,,0.40154506572264625,,,,,1.3400061428546906,
2020-10-12,,,,,5.322806901298463,,9.44483995359695,,,,0.41160886962493154,,,,,7.224542300216854,
2020-10-13,,,,,0.5619537541642785,,6.97605721577808,,,,0.2797326757572591,,,,,0.2758070463314652,
2020-10-14,,,,,0.1532748928293585,,20.297452032999242,,,,1.0414910610299557,,,,,0.08782977797091,
2020-10-15,,,,,17.207221392542124,,15.481743295632658,,,,0.8632574344579226,,,,,14.498018932528794,
2020-10-16,,,,,17.909156910143793,,8.715410525692587,,,,0.4917014427483082,,,,,8.309370120987296,
2020-10-17,,,,,7.34215432126075,,8.072481222258556,,,,0.44097469668140854,,,,,3.829131156206131,
2020-10-18,,,,,18.089451520703733,,18.028714984859818,,,,0.9563983904006772,,,,,7.213376739062369,
2020-10-19,,,,,8.897630609571934,,11.700448345876513,,,,0.5685328081169206,,,,,8.568447182886302,
2020-10-20,,,,,0.6321523822844028,,10.636160665083416,,,,0.4359869408683899,,,,,0.4114675102755427,
2020-10-21,,,,,,,4.070386352605726,,,,0.21213537355332251,,,,,,
2020-10-22,,,,,0.6402631346136332,,6.392118775302264,,,,0.2187871878409636,,,,,1.3434006627649069,
2020-10-23,,,,,15.255653767846525,,8.784071767901036,,,,0.3634319908630389,,,,,7.294044191017747,
2020-10-24,,,,,6.251106013543904,,4.8098351814421925,,,,0.22154529822212685,,,,,3.174812755547464,
2020-10-25,,,,,0.02685730997473,,7.025189682052614,,,,0.3363585340746102,,,,,0.0306457355618476,
2020-10-26,,,,,,,6.184544654326154,,,,0.2499912492068553,,,,,,
2020-10-27,,,,,0.9224225407732385,,3.791911404356885,,,,0.16142697556985208,,,,,0.14718538243323562,
2020-10-28,,,,,,,6.455551968410429,,,,0.29338412082379123,,,,,,
2020-10-29,,,,,,,5.976364219838099,,,,0.22674520344186858,,,,,,
2020-10-30,,,,,0.00093445926904675,,4.729168920977715,,,,0.26309398948854085,,,,,0.0012179519981145499,
2020-10-31,,,,,,,7.439666754497146,,,,0.34760477819352176,,,,,,
2020-11-01,,,,,,,12.319917019508365,,,,0.6872831799053386,,,,,,
2020-11-02,,,,,,,4.743136067409068,,,,0.20770456197538542,,0.05911410087719555,,,,
2020-11-03,,,,,6.593504540622234,,6.310626011383667,,,,0.3060251102289732,,0.0670136911794543,,,3.480768476612866,
2020-11-04,,,,,1.950875801034272,,5.080881147850476,,,,0.24874945165804369,,,,,2.6760642612352967,
2020-11-05,,,,,4.424611992202699,,6.371932355362341,,,,0.2682701522864184,,,,,4.986539524048567,
2020-11-06,,,,,,,9.224788248883906,,,,0.42662498844312685,,,,,,
2020-11-07,,,,,0.0930572571232914,,6.718517268715955,,,,0.32484849233416807,,,,,0.2160632908344268,
2020-11-08,,,,,3.3352622129023075,,6.2633544927742335,,,,0.34561822383936186,,,,,1.3770845625549557,
2020-11-09,,,,,9.786728790029883,,5.451165021095356,,,,0.2261370361380863,,,,,4.934768782928586,
2020-11-10,,,,,,0.6323824373539537,1.4253752977198477,1.894052966727592,,,0.05711664286174687,0.12130375179923439,,,,,1.0243566185235977
2020-11-11,,,,,,0.8117448064602084,,2.649950715607463,,,,0.17789139441662913,,,,,0.7416542804696493
2020-11-12,,,,,,0.8910974206195937,,2.8722960530375334,,,,0.17438701900198705,,0.0092300828546285,,,0.7190275521328052
2020-11-13,,,,,,0.6121448531953825,,3.9041532545704314,,,,0.26393795280320637,,,,,0.41711752851390177
2020-11-14,,,,,,0.761977337978103,,2.2167056414764374,,,,0.16435521002406775,,,,,0.8080716335468672
2020-11-15,,,,,,0.8854904918000102,,4.130368942657961,,,,0.3574091627437999,,,,,0.8312590461224317
2020-11-16,,,,,,1.042901537148282,,2.971691017653134,,,,0.16281804190374802,,,,,1.044663236476481
2020-11-17,,,,,,0.8223276871389575,,3.565683861592768,,,,0.22450418243299441,,,,,0.5613050125539303
2020-11-18,,,,,,3.6913501273375005,,8.023128961561167,,,,0.4757104374381692,,,,,2.9248263522749767
2020-11-19,,,,,,2.539841212448664,,8.527556066573919,,,,0.4593310430005124,,,,,2.9327770663658157
2020-11-20,,,,,,4.011981902364641,,11.172972904658145,,,,0.686205536429026,,,,,3.308231231570244
2020-11-21,,,,,,1.6604601318016647,,6.702519785472089,,,,0.41084301745396035,,,,,1.6549777717640002
2020-11-22,,,,,,1.6966997751034796,,11.02974866054553,,,,0.7444726674343055,,,,,1.856496501341462
2020-11-23,,,,,,4.637749459284048,,6.356673396604716,,,,0.5246815262707295,,,3.566322159939515,,2.8900936427008777
2020-11-24,,,,,,3.677059650653973,,5.7486890974334415,,,,0.4285205397114089,,0.1220764825120568,5.440203102640807,,2.218864808906801
2020-11-25,,,,,,3.411760322051123,,6.0946688195540295,,,,0.4247445867092173,,,4.803191404355919,,3.4412558036856353
2020-11-26,,0.0004240274429321,,,,4.072916058291282,,6.752329116897477,,,,0.48634605522860175,,0.0040756873786449,5.3590663131203895,,4.7418881648087075
2020-11-27,,,,,,2.2434161176077194,,8.75809170082686,,,,0.7287082932016347,,0.0055748838931322,7.3660535275355565,,2.602715026897689
2020-11-28,,,,,,4.799818407278508,,5.269596088748107,,,,0.3987171957269311,,,4.564674583971029,,3.654596426989883
2020-11-29,,,,,,3.855735333325962,,8.177954964636767,,,,0.8218202614093656,,,5.087986793957259,,2.1947797862812877
2020-11-30,,,,,,4.569599943119101,,6.8553350934740696,,,,0.49608510304328207,,0.1259912876412272,5.317546938943366,,3.859192244708538
2020-12-01,,,,,,4.968753186453666,,5.799818626607969,,,,0.42676208012073297,,0.0014247984314957668,5.226221730502752,,3.6135000561230948
2020-12-02,,,,,,3.257625969792051,,5.444657538574154,,,,0.41424053568886293,,0.0041774865239858,5.750583576609691,,3.6275067668674246
2020-12-03,,,,,,0.0780469719320535,,0.2380355836197961,,,,0.028322377233061805,,,0.16050324887037273,,0.0506313489750027
2020-12-14,,,,,,0.006013153120875325,,0.06179105301928371,,,,0.004521325840449225,,,0.05598642775761098,,0.00919891428202385
2020-12-15,,,,,,5.159645618701523,,4.601413353929157,,,,0.3695030786514839,,0.0016631614416837,3.8886438052548646,,3.538779631257057
2020-12-16,,,,,,4.2738280163400555,,4.97543638488999,,,,0.43250217119600837,,,4.4914530078055,,4.373291737230664
2020-12-17,,,,,,4.057481712577018,,4.912060350409357,,,,0.43847967769601953,,0.0030538709834218,4.711892504118044,,4.803097875534811
2020-12-18,,,,,,5.298454074577118,,5.888313540762907,,,,0.4983109863933878,,0.03515695454552765,5.872671418926782,,4.13706021127291
2020-12-19,,,,,,5.141603511399948,,5.41932987629331,,,,0.3983038500680224,,0.0125589836388826,3.9970140111425683,,5.257716077809723
2020-12-20,,,,,,5.297429184030209,,6.002347715976765,,,,0.6023863061263067,,0.1654819933076699,4.065770638701708,,5.853396821501
2020-12-21,,,,,,4.08180437077369,,5.395688705692601,,,,0.42270527320817625,,0.00077228946611285,3.9323222913769302,,3.870451464583831
2020-12-22,,,,,,3.4896406651689458,,5.819507725483222,,,,0.43577033653855324,,,3.939297680262356,,3.5063515098478932
2020-12-23,,,,,,2.1725753526469425,,5.916394663215413,,,,0.5128565647980062,,0.0054364250972867,4.888348640524782,,2.7859284735417793
2020-12-24,,,,,,2.632219825250407,,3.056884134205541,,,,0.252324141481617,,,3.236424236309303,,3.480868802095453
2020-12-25,,,,,,2.86762053736796,,4.57751588385236,,,,0.4132832758138098,,0.0026356857270002,3.5072729718044737,,3.376646878741061
2020-12-26,,,,,,2.1261946009472013,,5.440894487721804,,,,0.47437938742805275,,0.013670423999428733,3.880336065535967,,2.9297137261057893
2020-12-27,,,,,,2.2142121131265804,,6.033990808861181,,,,0.4929608681142844,,0.0130739612504839,3.657511445031398,,3.6728671270954822
2020-12-28,,,,,,3.4148245237146813,,5.3624383594990865,,,,0.4274929477902713,,0.0018757926300168,3.756488812621683,,3.0598507912208635
2020-12-29,,,,,,3.5573194785198816,,5.3809711108830225,,,,0.48961162764691946,,,4.035255111409756,,3.7655306456921003
2020-12-30,,,,,,3.7473137917426915,,5.739484331145992,,,,0.4473756727072137,,0.00288140634074805,3.8081010841229497,,3.836308941173439
2020-12-31,,,,,,1.8190110305634637,,3.257709142611415,,,,0.24839076236821708,,0.0034471717663109,3.3736800311493096,,2.1474856355537972
2021-01-01,,,,,,2.0676279799746617,,4.517565987675094,,,,0.3659878419280129,,0.012584982439875566,3.0331433965669325,,2.5234486857828284
2021-01-02,,,,,,3.4800604076923003,,5.4997827137556845,,,,0.4561545128881005,,0.0110941687598824,3.916800351904296,,3.983239447631474
2021-01-03,,,,,,6.387592336473365,,5.973001375745394,,,,0.46381898761177676,,0.10073929047212,4.285845178459962,,5.970399419699485
2021-01-04,,,,,,4.905173039529473,,4.012657631306308,,,,0.3411258504915964,,0.0090138232335448,4.2659553834182375,,5.412184343393892
2021-01-05,,,,,,3.2605161390577755,,3.636470080394712,,,,0.2795452678029365,,0.00971970930695528,2.847116823843413,,4.043378049197297
2021-01-06,,,,,,1.4367064663209022,,3.534341577794472,,,,0.27057967539692274,,0.027147217343250863,2.9904290466635888,,2.3515245975926518
2021-01-07,,,,,,2.966756294688417,,1.656146340862368,,,,0.1816209788495665,,0.0390877560712397,1.7287929523845806,,2.3766995035111904
2021-01-08,,,,,,1.2037911082928379,,2.993242066974441,,,,0.2441425096961514,,0.0002807034179568,2.0855094516997807,,1.9774154538754374
2021-01-09,,,,,,1.9074910752741354,,3.0939487635402343,,,,0.26440281369313207,,0.014835809823125549,3.3478235625191015,,2.029703598868634
2021-01-10,,,,,,4.477871269120701,,4.3604113843122665,,,,0.3718771597777959,,0.002866698739429267,4.063093081609099,,2.1819361756954874
2021-01-11,,,,,,2.3208734148315022,,3.32551706122186,,,,0.26968768714137636,,8.335337042808533e-07,3.582770516062258,,0.718726286398513
